"Time (s)","Illuminance (lx)"
6.256565800E-2,2.000000000E0
1.714679940E-1,2.000000000E0
2.816218790E-1,2.000000000E0
3.923092200E-1,2.000000000E0
5.018827250E-1,2.000000000E0
6.128141720E-1,2.000000000E0
7.213276190E-1,1.000000000E0
8.312950990E-1,2.000000000E0
9.394966290E-1,2.000000000E0
1.049426163E0,2.000000000E0
1.159815359E0,2.000000000E0
1.271067499E0,1.000000000E0
1.379464999E0,1.000000000E0
1.489424369E0,1.000000000E0
1.597647653E0,1.000000000E0
1.707210152E0,2.000000000E0
1.817269239E0,2.000000000E0
1.927383100E0,1.000000000E0
2.037940384E0,2.000000000E0
2.146213350E0,1.000000000E0
2.255710148E0,1.000000000E0
2.365515739E0,1.000000000E0
2.475661239E0,1.000000000E0
2.585778740E0,1.000000000E0
2.695626836E0,1.000000000E0
2.804642830E0,1.000000000E0
2.914187725E0,1.000000000E0
3.023924028E0,1.000000000E0
3.134071380E0,1.000000000E0
3.244213019E0,2.000000000E0
3.354183138E0,1.000000000E0
3.463555461E0,1.000000000E0
3.574387994E0,1.000000000E0
3.683695980E0,2.000000000E0
3.793518788E0,2.000000000E0
3.903588923E0,2.000000000E0
4.012807711E0,2.000000000E0
4.122978682E0,2.000000000E0
4.231584100E0,2.000000000E0
4.342944332E0,3.000000000E0
4.452996984E0,2.000000000E0
4.563236868E0,1.000000000E0
4.672006225E0,1.000000000E0
4.781821865E0,1.000000000E0
4.890058278E0,1.000000000E0
5.000830797E0,1.000000000E0
5.111742248E0,1.000000000E0
5.220993249E0,1.000000000E0
5.331038110E0,1.000000000E0
5.440260615E0,1.000000000E0
5.550035976E0,1.000000000E0
5.658686442E0,0.000000000E0
5.769552869E0,0.000000000E0
5.878861196E0,0.000000000E0
5.988930164E0,0.000000000E0
6.098451994E0,0.000000000E0
6.206967436E0,1.000000000E0
6.316445846E0,0.000000000E0
6.426260086E0,0.000000000E0
6.536420061E0,0.000000000E0
6.646505567E0,0.000000000E0
6.756355033E0,1.000000000E0
6.866058753E0,0.000000000E0
6.975012951E0,0.000000000E0
7.084696917E0,0.000000000E0
7.194740248E0,0.000000000E0
7.304353504E0,1.000000000E0
7.414719643E0,0.000000000E0
7.523824841E0,0.000000000E0
7.633309869E0,0.000000000E0
7.743229225E0,0.000000000E0
7.853383917E0,0.000000000E0
7.963559303E0,0.000000000E0
8.072671169E0,0.000000000E0
8.182651361E0,0.000000000E0
8.293608917E0,0.000000000E0
8.403325292E0,0.000000000E0
8.513122807E0,0.000000000E0
8.623212340E0,0.000000000E0
8.732385148E0,0.000000000E0
8.841097500E0,0.000000000E0
8.950807971E0,0.000000000E0
9.061564409E0,0.000000000E0
9.172260220E0,0.000000000E0
9.281726744E0,1.000000000E0
9.390861508E0,0.000000000E0
9.499129265E0,0.000000000E0
9.609059461E0,0.000000000E0
9.720252909E0,0.000000000E0
9.830332960E0,0.000000000E0
9.939067157E0,0.000000000E0
1.004899849E1,0.000000000E0
1.015869539E1,0.000000000E0
1.026680551E1,0.000000000E0
1.037692524E1,0.000000000E0
1.048700254E1,0.000000000E0
1.059703076E1,0.000000000E0
1.070584670E1,0.000000000E0
1.081586855E1,0.000000000E0
1.092532958E1,0.000000000E0
1.103530214E1,0.000000000E0
1.114545416E1,0.000000000E0
1.125528808E1,0.000000000E0
1.136521941E1,1.000000000E0
1.147429384E1,1.000000000E0
1.158373715E1,0.000000000E0
1.169375624E1,1.000000000E0
1.180387228E1,0.000000000E0
1.191383876E1,1.000000000E0
1.202312963E1,1.000000000E0
1.213337258E1,1.000000000E0
1.224332700E1,1.000000000E0
1.235392219E1,1.000000000E0
1.246355165E1,1.000000000E0
1.257354237E1,1.000000000E0
1.268154026E1,1.000000000E0
1.279185818E1,1.000000000E0
1.290257965E1,1.000000000E0
1.301215328E1,1.000000000E0
1.312139170E1,1.000000000E0
1.323149270E1,1.000000000E0
1.334140916E1,1.000000000E0
1.344974153E1,1.000000000E0
1.355964803E1,1.000000000E0
1.367115749E1,1.000000000E0
1.377992282E1,1.000000000E0
1.388969782E1,1.000000000E0
1.399951074E1,1.000000000E0
1.410929594E1,1.000000000E0
1.421737760E1,1.000000000E0
1.432922146E1,1.000000000E0
1.443765790E1,1.000000000E0
1.454882219E1,1.000000000E0
1.465814459E1,1.000000000E0
1.476788151E1,1.000000000E0
1.487613570E1,1.000000000E0
1.498590055E1,1.000000000E0
1.509607140E1,0.000000000E0
1.520605188E1,0.000000000E0
1.531602277E1,0.000000000E0
1.542507977E1,0.000000000E0
1.553464370E1,0.000000000E0
1.564455889E1,0.000000000E0
1.575458135E1,1.000000000E0
1.586464272E1,2.000000000E0
1.597474853E1,3.000000000E0
1.608484891E1,2.000000000E0
1.619422979E1,0.000000000E0
1.630320303E1,0.000000000E0
1.641306245E1,0.000000000E0
1.652333322E1,0.000000000E0
1.663344888E1,0.000000000E0
1.674257636E1,0.000000000E0
1.685262990E1,0.000000000E0
1.696271887E1,1.000000000E0
1.707293816E1,1.000000000E0
1.718327050E1,2.000000000E0
1.729305412E1,3.000000000E0
1.740392243E1,3.000000000E0
1.751249418E1,4.000000000E0
1.762122703E1,3.000000000E0
1.773074156E1,4.000000000E0
1.784206346E1,4.000000000E0
1.795223425E1,4.000000000E0
1.806092554E1,4.000000000E0
1.817104304E1,4.000000000E0
1.828116796E1,4.000000000E0
1.838925420E1,4.000000000E0
1.849917787E1,4.000000000E0
1.861014115E1,4.000000000E0
1.872101841E1,4.000000000E0
1.882949231E1,4.000000000E0
1.893900255E1,4.000000000E0
1.904748992E1,4.000000000E0
1.915691043E1,4.000000000E0
1.926698613E1,4.000000000E0
1.937717389E1,4.000000000E0
1.948634656E1,4.000000000E0
1.959640591E1,4.000000000E0
1.970611694E1,4.000000000E0
1.981562441E1,4.000000000E0
1.992543614E1,4.000000000E0
2.003557454E1,4.000000000E0
2.014563879E1,4.000000000E0
2.025535237E1,4.000000000E0
2.036441691E1,4.000000000E0
2.047470424E1,3.000000000E0
2.058387533E1,3.000000000E0
2.069399951E1,4.000000000E0
2.080412134E1,4.000000000E0
2.091346867E1,4.000000000E0
2.102328531E1,4.000000000E0
2.113437142E1,0.000000000E0
2.124329810E1,0.000000000E0
2.135352432E1,0.000000000E0
2.146354645E1,0.000000000E0
2.157288670E1,0.000000000E0
2.168273392E1,0.000000000E0
2.179288980E1,0.000000000E0
2.190166923E1,0.000000000E0
2.201299550E1,0.000000000E0
2.212315201E1,3.000000000E0
2.223224471E1,4.000000000E0
2.234150897E1,4.000000000E0
2.244982682E1,4.000000000E0
2.256003231E1,4.000000000E0
2.267134724E1,4.000000000E0
2.278090649E1,4.000000000E0
2.289087874E1,4.000000000E0
2.300029363E1,4.000000000E0
2.311002623E1,4.000000000E0
2.321841640E1,4.000000000E0
2.332849822E1,4.000000000E0
2.343962744E1,4.000000000E0
2.354903885E1,4.000000000E0
2.365855479E1,4.000000000E0
2.376815859E1,4.000000000E0
2.387634249E1,4.000000000E0
2.398620831E1,4.000000000E0
2.409634090E1,4.000000000E0
2.420632719E1,3.000000000E0
2.431611184E1,3.000000000E0
2.442530550E1,3.000000000E0
2.453488686E1,3.000000000E0
2.464461976E1,3.000000000E0
2.475476735E1,3.000000000E0
2.486467718E1,3.000000000E0
2.497443451E1,3.000000000E0
2.508358660E1,3.000000000E0
2.519321200E1,3.000000000E0
2.530313707E1,4.000000000E0
2.541316076E1,4.000000000E0
2.552321826E1,4.000000000E0
2.563258786E1,4.000000000E0
2.574256445E1,4.000000000E0
2.585276383E1,3.000000000E0
2.596287203E1,3.000000000E0
2.607374187E1,3.000000000E0
2.618311691E1,3.000000000E0
2.629234368E1,3.000000000E0
2.640098365E1,3.000000000E0
2.651108155E1,3.000000000E0
2.662204625E1,3.000000000E0
2.673209915E1,3.000000000E0
2.684133141E1,3.000000000E0
2.695036934E1,3.000000000E0
2.705904899E1,3.000000000E0
2.716907330E1,3.000000000E0
2.727917666E1,3.000000000E0
2.738788835E1,3.000000000E0
2.749827630E1,3.000000000E0
2.760841919E1,3.000000000E0
2.771771673E1,3.000000000E0
2.782669347E1,3.000000000E0
2.793677052E1,3.000000000E0
2.804628060E1,3.000000000E0
2.815642560E1,3.000000000E0
2.826569012E1,3.000000000E0
2.837512739E1,3.000000000E0
2.848509964E1,3.000000000E0
2.859515444E1,3.000000000E0
2.870535439E1,3.000000000E0
2.881417880E1,3.000000000E0
2.892417974E1,2.000000000E0
2.903365795E1,1.000000000E0
2.914377261E1,1.000000000E0
2.925354524E1,1.000000000E0
2.936372335E1,0.000000000E0
2.947284542E1,0.000000000E0
2.958315131E1,0.000000000E0
2.969302826E1,0.000000000E0
2.980343229E1,0.000000000E0
2.991328611E1,0.000000000E0
3.002356836E1,0.000000000E0
3.013277234E1,0.000000000E0
3.024160036E1,0.000000000E0
3.035118773E1,0.000000000E0
3.046244298E1,0.000000000E0
3.057207352E1,0.000000000E0
3.068137534E1,0.000000000E0
3.079106544E1,0.000000000E0
3.089921416E1,0.000000000E0
3.101087869E1,0.000000000E0
3.112107812E1,0.000000000E0
3.122992141E1,0.000000000E0
3.133916575E1,0.000000000E0
3.144879902E1,0.000000000E0
3.155709844E1,0.000000000E0
3.166706681E1,0.000000000E0
3.177711811E1,0.000000000E0
3.188629790E1,0.000000000E0
3.199606306E1,0.000000000E0
3.210563690E1,0.000000000E0
3.221540485E1,0.000000000E0
3.232551808E1,0.000000000E0
3.243565388E1,0.000000000E0
3.254579622E1,1.000000000E0
3.265558272E1,1.000000000E0
3.276460956E1,0.000000000E0
3.287396801E1,0.000000000E0
3.298392156E1,0.000000000E0
3.309399838E1,0.000000000E0
3.320412642E1,1.000000000E0
3.331327722E1,0.000000000E0
3.342333479E1,0.000000000E0
3.353374435E1,0.000000000E0
3.364350642E1,0.000000000E0
3.375356619E1,1.000000000E0
3.386351719E1,0.000000000E0
3.397290924E1,0.000000000E0
3.408219687E1,0.000000000E0
3.419298725E1,0.000000000E0
3.430235478E1,0.000000000E0
3.441250762E1,0.000000000E0
3.452319070E1,0.000000000E0
3.463267097E1,0.000000000E0
3.474205925E1,0.000000000E0
3.485199690E1,1.000000000E0
3.496024921E1,0.000000000E0
3.507018864E1,1.000000000E0
3.518167725E1,0.000000000E0
3.529179973E1,0.000000000E0
3.540031167E1,0.000000000E0
3.551003783E1,1.000000000E0
3.561866739E1,0.000000000E0
3.572855068E1,0.000000000E0
3.583967779E1,0.000000000E0
3.594896438E1,0.000000000E0
3.605870010E1,0.000000000E0
3.616848305E1,0.000000000E0
3.627654270E1,0.000000000E0
3.638628428E1,0.000000000E0
3.649637046E1,1.000000000E0
3.660655483E1,0.000000000E0
3.671635080E1,1.000000000E0
3.682601598E1,0.000000000E0
3.693497667E1,0.000000000E0
3.704477284E1,0.000000000E0
3.715484732E1,0.000000000E0
3.726434190E1,0.000000000E0
3.737471291E1,0.000000000E0
3.748379933E1,0.000000000E0
3.759325127E1,0.000000000E0
3.770311938E1,0.000000000E0
3.781338823E1,0.000000000E0
3.792352304E1,0.000000000E0
3.803247786E1,0.000000000E0
3.814260371E1,0.000000000E0
3.825277836E1,0.000000000E0
3.836386696E1,0.000000000E0
3.847318296E1,0.000000000E0
3.858308769E1,0.000000000E0
3.869246675E1,0.000000000E0
3.880122152E1,0.000000000E0
3.891073474E1,0.000000000E0
3.902207874E1,0.000000000E0
3.913224645E1,0.000000000E0
3.924250711E1,0.000000000E0
3.935060740E1,0.000000000E0
3.945909880E1,0.000000000E0
3.956901239E1,0.000000000E0
3.968020651E1,0.000000000E0
3.978956527E1,0.000000000E0
3.989958742E1,0.000000000E0
4.000913513E1,0.000000000E0
4.011885071E1,0.000000000E0
4.022699782E1,0.000000000E0
4.033694879E1,0.000000000E0
4.044702824E1,0.000000000E0
4.055711962E1,0.000000000E0
4.066782126E1,0.000000000E0
4.077602523E1,0.000000000E0
4.088598676E1,0.000000000E0
4.099536002E1,0.000000000E0
4.110547011E1,0.000000000E0
4.121554552E1,0.000000000E0
4.132539934E1,0.000000000E0
4.143533842E1,0.000000000E0
4.154442368E1,0.000000000E0
4.165383415E1,0.000000000E0
4.176386676E1,0.000000000E0
4.187398180E1,0.000000000E0
4.198405215E1,0.000000000E0
4.209413218E1,0.000000000E0
4.220329961E1,0.000000000E0
4.231360097E1,1.000000000E0
4.242403097E1,0.000000000E0
4.253358088E1,1.000000000E0
4.264352242E1,3.000000000E0
4.275195200E1,2.000000000E0
4.286185286E1,3.000000000E0
4.297198089E1,3.000000000E0
4.308275783E1,3.000000000E0
4.319221109E1,3.000000000E0
4.330167414E1,3.000000000E0
4.341141474E1,3.000000000E0
4.351961141E1,3.000000000E0
4.363112461E1,3.000000000E0
4.374108432E1,3.000000000E0
4.384988534E1,3.000000000E0
4.395980371E1,3.000000000E0
4.406814405E1,3.000000000E0
4.417761670E1,2.000000000E0
4.428750976E1,0.000000000E0
4.439930826E1,0.000000000E0
4.450833567E1,1.000000000E0
4.461800842E1,2.000000000E0
4.472776320E1,0.000000000E0
4.483585455E1,0.000000000E0
4.494588250E1,0.000000000E0
4.505600564E1,1.000000000E0
4.516566276E1,1.000000000E0
4.527484368E1,1.000000000E0
4.538438360E1,1.000000000E0
4.549412889E1,2.000000000E0
4.560430928E1,3.000000000E0
4.571439868E1,3.000000000E0
4.582421972E1,3.000000000E0
4.593348772E1,3.000000000E0
4.604351508E1,3.000000000E0
4.615329939E1,3.000000000E0
4.626344338E1,3.000000000E0
4.637298315E1,3.000000000E0
4.648316782E1,3.000000000E0
4.659302873E1,3.000000000E0
4.670241879E1,3.000000000E0
4.681245419E1,3.000000000E0
4.692256618E1,3.000000000E0
4.703343267E1,3.000000000E0
4.714218956E1,3.000000000E0
4.725195469E1,3.000000000E0
4.736085076E1,3.000000000E0
4.747024242E1,3.000000000E0
4.758040051E1,3.000000000E0
4.769117080E1,3.000000000E0
4.780092288E1,3.000000000E0
4.791042557E1,3.000000000E0
4.801997946E1,2.000000000E0
4.812867115E1,1.000000000E0
4.823972839E1,1.000000000E0
4.834990490E1,0.000000000E0
4.845886394E1,0.000000000E0
4.856858642E1,0.000000000E0
4.867697512E1,0.000000000E0
4.878648485E1,0.000000000E0
4.889646433E1,1.000000000E0
4.900660369E1,1.000000000E0
4.911673041E1,2.000000000E0
4.922630956E1,3.000000000E0
4.933531331E1,4.000000000E0
4.944508149E1,3.000000000E0
4.955488240E1,3.000000000E0
4.966496366E1,3.000000000E0
4.977504952E1,3.000000000E0
4.988484895E1,3.000000000E0
4.999402533E1,3.000000000E0
5.010338656E1,3.000000000E0
5.021344855E1,3.000000000E0
5.032345363E1,4.000000000E0
5.043426557E1,4.000000000E0
5.054286518E1,3.000000000E0
5.065286124E1,4.000000000E0
5.076303726E1,4.000000000E0
5.087329051E1,4.000000000E0
5.098343144E1,4.000000000E0
5.109359572E1,4.000000000E0
5.120355178E1,5.000000000E0
5.131266800E1,5.000000000E0
5.142160956E1,5.000000000E0
5.153158922E1,6.000000000E0
5.164247817E1,5.000000000E0
5.175258578E1,6.000000000E0
5.186129658E1,5.000000000E0
5.197138419E1,4.000000000E0
5.207931327E1,0.000000000E0
5.218942521E1,0.000000000E0
5.229986191E1,0.000000000E0
5.241120956E1,0.000000000E0
5.251998041E1,0.000000000E0
5.262959662E1,0.000000000E0
5.273940619E1,0.000000000E0
5.284926216E1,0.000000000E0
5.295823851E1,0.000000000E0
5.306909912E1,0.000000000E0
5.317758243E1,3.000000000E0
5.328772620E1,5.000000000E0
5.339803890E1,5.000000000E0
5.350801151E1,5.000000000E0
5.361778643E1,5.000000000E0
5.372611912E1,5.000000000E0
5.383598049E1,5.000000000E0
5.394607839E1,5.000000000E0
5.405611792E1,5.000000000E0
5.416606128E1,5.000000000E0
5.427509857E1,5.000000000E0
5.438449640E1,4.000000000E0
5.449439049E1,4.000000000E0
5.460461051E1,4.000000000E0
5.471473198E1,4.000000000E0
5.482426281E1,4.000000000E0
5.493421453E1,4.000000000E0
5.504364434E1,4.000000000E0
5.515303135E1,5.000000000E0
5.526310430E1,5.000000000E0
5.537292495E1,4.000000000E0
5.548248376E1,4.000000000E0
5.559250131E1,4.000000000E0
5.570269569E1,4.000000000E0
5.581271543E1,4.000000000E0
5.592351892E1,4.000000000E0
5.603291058E1,4.000000000E0
5.614230679E1,4.000000000E0
5.625024397E1,4.000000000E0
5.636038775E1,4.000000000E0
5.647179321E1,3.000000000E0
5.658197539E1,4.000000000E0
5.669064967E1,4.000000000E0
5.680023983E1,5.000000000E0
5.690881850E1,5.000000000E0
5.701875139E1,5.000000000E0
5.712901236E1,5.000000000E0
5.723903544E1,5.000000000E0
5.734878961E1,4.000000000E0
5.745878368E1,4.000000000E0
5.756829355E1,4.000000000E0
5.767665671E1,4.000000000E0
5.778657079E1,4.000000000E0
5.789671508E1,3.000000000E0
5.800685382E1,3.000000000E0
5.811635102E1,3.000000000E0
5.822556519E1,3.000000000E0
5.833521281E1,3.000000000E0
5.844499840E1,3.000000000E0
5.855516884E1,2.000000000E0
5.866515663E1,3.000000000E0
5.877509064E1,2.000000000E0
5.888412922E1,3.000000000E0
5.899355300E1,3.000000000E0
5.910349659E1,3.000000000E0
5.921426976E1,3.000000000E0
5.932354795E1,3.000000000E0
5.943379973E1,3.000000000E0
5.954387106E1,3.000000000E0
5.965314983E1,3.000000000E0
5.976340614E1,2.000000000E0
5.987362701E1,2.000000000E0
5.998348615E1,1.000000000E0
6.009354652E1,1.000000000E0
6.020350069E1,2.000000000E0
6.031336887E1,1.000000000E0
6.042171230E1,1.000000000E0
6.053150632E1,1.000000000E0
6.064270943E1,0.000000000E0
6.075203963E1,0.000000000E0
6.086225568E1,0.000000000E0
6.097151622E1,0.000000000E0
6.108127682E1,0.000000000E0
6.118990577E1,0.000000000E0
6.130117498E1,0.000000000E0
6.141129083E1,0.000000000E0
6.151996614E1,0.000000000E0
6.162984359E1,0.000000000E0
6.173818888E1,0.000000000E0
6.184820639E1,0.000000000E0
6.195820647E1,0.000000000E0
6.206936464E1,0.000000000E0
6.217857470E1,0.000000000E0
6.228817676E1,0.000000000E0
6.239657934E1,0.000000000E0
6.250619410E1,0.000000000E0
6.261595447E1,0.000000000E0
6.272606117E1,0.000000000E0
6.283607806E1,0.000000000E0
6.294598884E1,0.000000000E0
6.305504700E1,0.000000000E0
6.316453534E1,0.000000000E0
6.327448284E1,0.000000000E0
6.338448121E1,0.000000000E0
6.349468644E1,0.000000000E0
6.360437446E1,0.000000000E0
6.371439318E1,0.000000000E0
6.382425503E1,0.000000000E0
6.393367170E1,0.000000000E0
6.404322744E1,0.000000000E0
6.415296004E1,0.000000000E0
6.426249201E1,0.000000000E0
6.437320572E1,0.000000000E0
6.448258853E1,0.000000000E0
6.459262153E1,0.000000000E0
6.470278400E1,0.000000000E0
6.481217661E1,0.000000000E0
6.492199073E1,0.000000000E0
6.503088607E1,0.000000000E0
6.514026509E1,1.000000000E0
6.525106980E1,1.000000000E0
6.536135958E1,1.000000000E0
6.547058089E1,1.000000000E0
6.558025354E1,2.000000000E0
6.568878091E1,1.000000000E0
6.579869097E1,1.000000000E0
6.590885009E1,2.000000000E0
6.601998191E1,2.000000000E0
6.612895998E1,2.000000000E0
6.623874890E1,2.000000000E0
6.634714851E1,2.000000000E0
6.645766094E1,2.000000000E0
6.656654453E1,2.000000000E0
6.667660435E1,2.000000000E0
6.678682887E1,2.000000000E0
6.689670462E1,2.000000000E0
6.700653723E1,1.000000000E0
6.711559575E1,1.000000000E0
6.722517105E1,1.000000000E0
6.733513971E1,1.000000000E0
6.744522023E1,1.000000000E0
6.755539075E1,1.000000000E0
6.766519406E1,1.000000000E0
6.777425925E1,1.000000000E0
6.788383909E1,1.000000000E0
6.799429779E1,1.000000000E0
6.810448144E1,1.000000000E0
6.821362823E1,1.000000000E0
6.832304524E1,1.000000000E0
6.843304098E1,1.000000000E0
6.854415544E1,1.000000000E0
6.865353937E1,1.000000000E0
6.876354992E1,1.000000000E0
6.887354664E1,1.000000000E0
6.898356059E1,1.000000000E0
6.909284461E1,1.000000000E0
6.920180887E1,1.000000000E0
6.931181350E1,1.000000000E0
6.942266083E1,1.000000000E0
6.953280246E1,1.000000000E0
6.964149939E1,1.000000000E0
6.975130622E1,0.000000000E0
6.985967479E1,0.000000000E0
6.996957124E1,1.000000000E0
7.008110642E1,0.000000000E0
7.019123727E1,0.000000000E0
7.029962358E1,0.000000000E0
7.040939023E1,1.000000000E0
7.051875134E1,0.000000000E0
7.062729380E1,0.000000000E0
7.073747013E1,0.000000000E0
7.084732208E1,0.000000000E0
7.095784255E1,0.000000000E0
7.106781947E1,0.000000000E0
7.117740961E1,0.000000000E0
7.128576313E1,0.000000000E0
7.139586918E1,0.000000000E0
7.150598674E1,0.000000000E0
7.161609785E1,0.000000000E0
7.172578062E1,0.000000000E0
7.183481946E1,0.000000000E0
7.194430492E1,0.000000000E0
7.205425511E1,0.000000000E0
7.216443909E1,0.000000000E0
7.227451900E1,0.000000000E0
7.238469811E1,0.000000000E0
7.249356271E1,0.000000000E0
7.260363314E1,0.000000000E0
7.271349994E1,0.000000000E0
7.282297413E1,0.000000000E0
7.293310608E1,0.000000000E0
7.304226830E1,0.000000000E0
7.315235268E1,0.000000000E0
7.326253121E1,0.000000000E0
7.337250406E1,0.000000000E0
7.348267582E1,0.000000000E0
7.359283392E1,0.000000000E0
7.370204241E1,0.000000000E0
7.381210380E1,0.000000000E0
7.392014162E1,0.000000000E0
7.403032036E1,0.000000000E0
7.414111693E1,0.000000000E0
7.425046562E1,0.000000000E0
7.436045048E1,0.000000000E0
7.447026647E1,1.000000000E0
7.457884614E1,1.000000000E0
7.468885697E1,1.000000000E0
7.479984338E1,1.000000000E0
7.490905352E1,2.000000000E0
7.501888408E1,2.000000000E0
7.512884088E1,3.000000000E0
7.523713256E1,3.000000000E0
7.534650805E1,3.000000000E0
7.545652279E1,3.000000000E0
7.556668560E1,3.000000000E0
7.567651999E1,3.000000000E0
7.578601693E1,3.000000000E0
7.589511927E1,3.000000000E0
7.600491954E1,1.000000000E0
7.611500340E1,1.000000000E0
7.622506439E1,2.000000000E0
7.633512008E1,0.000000000E0
7.644396836E1,0.000000000E0
7.655359204E1,0.000000000E0
7.666338922E1,0.000000000E0
7.677356214E1,0.000000000E0
7.688417850E1,0.000000000E0
7.699426283E1,0.000000000E0
7.710295111E1,0.000000000E0
7.721384675E1,0.000000000E0
7.732311175E1,0.000000000E0
7.743337653E1,0.000000000E0
7.754451966E1,0.000000000E0
7.765357665E1,0.000000000E0
7.776346063E1,0.000000000E0
7.787272042E1,0.000000000E0
7.798153586E1,0.000000000E0
7.809119720E1,0.000000000E0
7.820200644E1,0.000000000E0
7.831268621E1,0.000000000E0
7.842155269E1,0.000000000E0
7.853122776E1,0.000000000E0
7.863956899E1,0.000000000E0
7.874946341E1,0.000000000E0
7.885964531E1,0.000000000E0
7.897114412E1,0.000000000E0
7.907954002E1,3.000000000E0
7.918779163E1,3.000000000E0
7.929731688E1,3.000000000E0
7.940715450E1,3.000000000E0
7.951814552E1,3.000000000E0
7.962806580E1,3.000000000E0
7.973642676E1,3.000000000E0
7.984608149E1,3.000000000E0
7.995550957E1,3.000000000E0
8.006560837E1,3.000000000E0
8.017573824E1,3.000000000E0
8.028538681E1,3.000000000E0
8.039455486E1,3.000000000E0
8.050456751E1,3.000000000E0
8.061382889E1,3.000000000E0
8.072398701E1,3.000000000E0
8.083403705E1,3.000000000E0
8.094337641E1,3.000000000E0
8.105324230E1,2.000000000E0
8.116358139E1,0.000000000E0
8.127437169E1,1.000000000E0
8.138352501E1,2.000000000E0
8.149349869E1,1.000000000E0
8.160359236E1,2.000000000E0
8.171177641E1,2.000000000E0
8.182197757E1,2.000000000E0
8.193212127E1,3.000000000E0
8.204298620E1,3.000000000E0
8.215167728E1,3.000000000E0
8.226158214E1,3.000000000E0
8.236985638E1,3.000000000E0
8.247975779E1,3.000000000E0
8.259126520E1,3.000000000E0
8.270036240E1,4.000000000E0
8.280993692E1,4.000000000E0
8.291964309E1,4.000000000E0
8.302770615E1,4.000000000E0
8.313766002E1,3.000000000E0
8.324937593E1,0.000000000E0
8.335949345E1,1.000000000E0
8.346838951E1,1.000000000E0
8.357798701E1,0.000000000E0
8.368665459E1,0.000000000E0
8.379618176E1,0.000000000E0
8.390604467E1,1.000000000E0
8.401613690E1,0.000000000E0
8.412615572E1,0.000000000E0
8.423594175E1,1.000000000E0
8.434500181E1,1.000000000E0
8.445454191E1,3.000000000E0
8.456454178E1,3.000000000E0
8.467458240E1,3.000000000E0
8.478460522E1,4.000000000E0
8.489441939E1,4.000000000E0
8.500439855E1,4.000000000E0
8.511354092E1,3.000000000E0
8.522307696E1,3.000000000E0
8.533325133E1,3.000000000E0
8.544306607E1,3.000000000E0
8.555252654E1,4.000000000E0
8.566252396E1,3.000000000E0
8.577258336E1,3.000000000E0
8.588281406E1,3.000000000E0
8.599295712E1,3.000000000E0
8.610254065E1,3.000000000E0
8.621244173E1,4.000000000E0
8.632187379E1,4.000000000E0
8.643100702E1,4.000000000E0
8.654177969E1,4.000000000E0
8.665115151E1,3.000000000E0
8.676083353E1,3.000000000E0
8.687120295E1,2.000000000E0
8.697886489E1,3.000000000E0
8.708889332E1,3.000000000E0
8.719966591E1,3.000000000E0
8.730934033E1,2.000000000E0
8.741903325E1,3.000000000E0
8.752804710E1,3.000000000E0
8.763724525E1,2.000000000E0
8.774665477E1,2.000000000E0
8.785665350E1,1.000000000E0
8.796672801E1,1.000000000E0
8.807687420E1,2.000000000E0
8.818638432E1,2.000000000E0
8.829560369E1,2.000000000E0
8.840504455E1,3.000000000E0
8.851501836E1,3.000000000E0
8.862517809E1,3.000000000E0
8.873528951E1,3.000000000E0
8.884494485E1,3.000000000E0
8.895415354E1,4.000000000E0
8.906361201E1,4.000000000E0
8.917356513E1,3.000000000E0
8.928442610E1,3.000000000E0
8.939375441E1,3.000000000E0
8.950372058E1,3.000000000E0
8.961322960E1,3.000000000E0
8.972314675E1,3.000000000E0
8.983312683E1,3.000000000E0
8.994337819E1,3.000000000E0
9.005349334E1,3.000000000E0
9.016408515E1,3.000000000E0
9.027420798E1,2.000000000E0
9.038292305E1,1.000000000E0
9.049174151E1,1.000000000E0
9.060258336E1,1.000000000E0
9.071259205E1,0.000000000E0
9.082303573E1,0.000000000E0
9.093137782E1,0.000000000E0
9.103960674E1,0.000000000E0
9.114961943E1,0.000000000E0
9.126104489E1,0.000000000E0
9.137117563E1,0.000000000E0
9.147985964E1,0.000000000E0
9.158963111E1,0.000000000E0
9.169961067E1,1.000000000E0
9.180942063E1,1.000000000E0
9.191745347E1,1.000000000E0
9.202755592E1,0.000000000E0
9.213765445E1,1.000000000E0
9.224828026E1,0.000000000E0
9.235795664E1,0.000000000E0
9.246602528E1,0.000000000E0
9.257585344E1,0.000000000E0
9.268598605E1,0.000000000E0
9.279600416E1,1.000000000E0
9.290585511E1,2.000000000E0
9.301474930E1,2.000000000E0
9.312441348E1,1.000000000E0
9.323420679E1,0.000000000E0
9.334440650E1,0.000000000E0
9.345439629E1,0.000000000E0
9.356444310E1,0.000000000E0
9.367361719E1,0.000000000E0
9.378422452E1,0.000000000E0
9.389351957E1,0.000000000E0
9.400291777E1,0.000000000E0
9.411305688E1,0.000000000E0
9.422322098E1,1.000000000E0
9.433229913E1,3.000000000E0
9.444244891E1,3.000000000E0
9.455317258E1,3.000000000E0
9.466253659E1,3.000000000E0
9.477211051E1,3.000000000E0
9.488145382E1,3.000000000E0
9.499004405E1,3.000000000E0
9.510011291E1,2.000000000E0
9.521056070E1,1.000000000E0
9.532177080E1,0.000000000E0
9.543038578E1,0.000000000E0
9.554015079E1,0.000000000E0
9.564949936E1,0.000000000E0
9.575854761E1,0.000000000E0
9.586965961E1,0.000000000E0
9.597978125E1,0.000000000E0
9.608868613E1,0.000000000E0
9.619841029E1,0.000000000E0
9.630684931E1,0.000000000E0
9.641637288E1,0.000000000E0
9.652638549E1,0.000000000E0
9.663648492E1,0.000000000E0
9.674659610E1,2.000000000E0
9.685644468E1,2.000000000E0
9.696612138E1,1.000000000E0
9.707489452E1,0.000000000E0
9.718476992E1,0.000000000E0
9.729487174E1,0.000000000E0
9.740443045E1,0.000000000E0
9.751412508E1,0.000000000E0
9.762390993E1,0.000000000E0
9.773331018E1,0.000000000E0
9.784331554E1,0.000000000E0
9.795336902E1,0.000000000E0
9.806348005E1,0.000000000E0
9.817273659E1,0.000000000E0
9.828272374E1,0.000000000E0
9.839408379E1,0.000000000E0
9.850357170E1,0.000000000E0
9.861335510E1,0.000000000E0
9.872319267E1,0.000000000E0
9.883318042E1,0.000000000E0
9.894253292E1,0.000000000E0
9.905272710E1,0.000000000E0
9.916164123E1,0.000000000E0
9.927113687E1,0.000000000E0
9.938249846E1,0.000000000E0
9.949189998E1,0.000000000E0
9.960131934E1,0.000000000E0
9.971168549E1,0.000000000E0
9.982129811E1,0.000000000E0
9.992966557E1,1.000000000E0
1.000395901E2,2.000000000E0
1.001510496E2,2.000000000E0
1.002612587E2,0.000000000E0
1.003695911E2,0.000000000E0
1.004793751E2,0.000000000E0
1.005874767E2,0.000000000E0
1.006972473E2,0.000000000E0
1.008081791E2,0.000000000E0
1.009184191E2,0.000000000E0
1.010273573E2,0.000000000E0
1.011361775E2,0.000000000E0
1.012457846E2,0.000000000E0
1.013556886E2,0.000000000E0
1.014658277E2,0.000000000E0
1.015759729E2,0.000000000E0
1.016857523E2,0.000000000E0
1.017948452E2,0.000000000E0
1.019049508E2,0.000000000E0
1.020141900E2,1.000000000E0
1.021242406E2,2.000000000E0
1.022344590E2,1.000000000E0
1.023444151E2,0.000000000E0
1.024542222E2,0.000000000E0
1.025635748E2,1.000000000E0
1.026742440E2,2.000000000E0
1.027834914E2,3.000000000E0
1.028929277E2,2.000000000E0
1.030031029E2,2.000000000E0
1.031129351E2,2.000000000E0
1.032225657E2,2.000000000E0
1.033330680E2,2.000000000E0
1.034432044E2,2.000000000E0
1.035526755E2,2.000000000E0
1.036629804E2,2.000000000E0
1.037729812E2,2.000000000E0
1.038820384E2,2.000000000E0
1.039909425E2,2.000000000E0
1.041009760E2,2.000000000E0
1.042108053E2,2.000000000E0
1.043212763E2,2.000000000E0
1.044320549E2,2.000000000E0
1.045408090E2,2.000000000E0
1.046508444E2,2.000000000E0
1.047610791E2,2.000000000E0
1.048701896E2,1.000000000E0
1.049790185E2,2.000000000E0
1.050894924E2,2.000000000E0
1.052006807E2,2.000000000E0
1.053093435E2,2.000000000E0
1.054190217E2,2.000000000E0
1.055288096E2,2.000000000E0
1.056368569E2,2.000000000E0
1.057468503E2,2.000000000E0
1.058569837E2,2.000000000E0
1.059669084E2,2.000000000E0
1.060757013E2,3.000000000E0
1.061853250E2,3.000000000E0
1.062951401E2,3.000000000E0
1.064052640E2,3.000000000E0
1.065154235E2,1.000000000E0
1.066249256E2,2.000000000E0
1.067342844E2,2.000000000E0
1.068438072E2,2.000000000E0
1.069541964E2,2.000000000E0
1.070636090E2,1.000000000E0
1.071737015E2,2.000000000E0
1.072838557E2,1.000000000E0
1.073929170E2,1.000000000E0
1.075042213E2,0.000000000E0
1.076132330E2,0.000000000E0
1.077234954E2,1.000000000E0
1.078336859E2,0.000000000E0
1.079434526E2,0.000000000E0
1.080516958E2,0.000000000E0
1.081612268E2,0.000000000E0
1.082718616E2,0.000000000E0
1.083820169E2,0.000000000E0
1.084921690E2,0.000000000E0
1.086015449E2,1.000000000E0
1.087094219E2,0.000000000E0
1.088193804E2,0.000000000E0
1.089298775E2,1.000000000E0
1.090396776E2,0.000000000E0
1.091497435E2,0.000000000E0
1.092595846E2,0.000000000E0
1.093692295E2,1.000000000E0
1.094775484E2,1.000000000E0
1.095875370E2,1.000000000E0
1.096975198E2,0.000000000E0
1.098087295E2,1.000000000E0
1.099181264E2,1.000000000E0
1.100264535E2,1.000000000E0
1.101360644E2,1.000000000E0
1.102460151E2,0.000000000E0
1.103559344E2,1.000000000E0
1.104660419E2,1.000000000E0
1.105761932E2,0.000000000E0
1.106860118E2,0.000000000E0
1.107960870E2,0.000000000E0
1.109050468E2,0.000000000E0
1.110146056E2,0.000000000E0
1.111244424E2,0.000000000E0
1.112346529E2,0.000000000E0
1.113447579E2,2.000000000E0
1.114542927E2,3.000000000E0
1.115643785E2,3.000000000E0
1.116743884E2,3.000000000E0
1.117832959E2,4.000000000E0
1.118931729E2,4.000000000E0
1.120033828E2,3.000000000E0
1.121135243E2,3.000000000E0
1.122233369E2,3.000000000E0
1.123325956E2,3.000000000E0
1.124427356E2,3.000000000E0
1.125537837E2,3.000000000E0
1.126637714E2,4.000000000E0
1.127742782E2,3.000000000E0
1.128826277E2,4.000000000E0
1.129912196E2,3.000000000E0
1.131013468E2,3.000000000E0
1.132113529E2,3.000000000E0
1.133222099E2,3.000000000E0
1.134323366E2,3.000000000E0
1.135410517E2,3.000000000E0
1.136509976E2,4.000000000E0
1.137592292E2,4.000000000E0
1.138691330E2,3.000000000E0
1.139785360E2,3.000000000E0
1.140897212E2,3.000000000E0
1.141993858E2,3.000000000E0
1.143091873E2,3.000000000E0
1.144181517E2,3.000000000E0
1.145270849E2,3.000000000E0
1.146369868E2,3.000000000E0
1.147471665E2,3.000000000E0
1.148572667E2,3.000000000E0
1.149677969E2,3.000000000E0
1.150761217E2,3.000000000E0
1.151860784E2,3.000000000E0
1.152954417E2,3.000000000E0
1.154056003E2,3.000000000E0
1.155156985E2,3.000000000E0
1.156257922E2,3.000000000E0
1.157352341E2,3.000000000E0
1.158446680E2,3.000000000E0
1.159538979E2,4.000000000E0
1.160640110E2,3.000000000E0
1.161740894E2,3.000000000E0
1.162834222E2,3.000000000E0
1.163934871E2,3.000000000E0
1.165034013E2,3.000000000E0
1.166135261E2,3.000000000E0
1.167242500E2,3.000000000E0
1.168335193E2,3.000000000E0
1.169418717E2,3.000000000E0
1.170526927E2,3.000000000E0
1.171619367E2,2.000000000E0
1.172727724E2,3.000000000E0
1.173822110E2,3.000000000E0
1.174916323E2,3.000000000E0
1.176017130E2,3.000000000E0
1.177098001E2,3.000000000E0
1.178199628E2,2.000000000E0
1.179298555E2,2.000000000E0
1.180413779E2,3.000000000E0
1.181507400E2,3.000000000E0
1.182598670E2,3.000000000E0
1.183694579E2,3.000000000E0
1.184776627E2,3.000000000E0
1.185875562E2,3.000000000E0
1.186976932E2,3.000000000E0
1.188094604E2,3.000000000E0
1.189183970E2,3.000000000E0
1.190280852E2,2.000000000E0
1.191380110E2,2.000000000E0
1.192460985E2,3.000000000E0
1.193561313E2,2.000000000E0
1.194662633E2,3.000000000E0
1.195760680E2,2.000000000E0
1.196851000E2,3.000000000E0
1.197948333E2,2.000000000E0
1.199045199E2,3.000000000E0
1.200145427E2,3.000000000E0
1.201247707E2,3.000000000E0
1.202346937E2,2.000000000E0
1.203443783E2,2.000000000E0
1.204535852E2,2.000000000E0
1.205631534E2,2.000000000E0
1.206732146E2,2.000000000E0
1.207832462E2,3.000000000E0
1.208924575E2,3.000000000E0
1.210033186E2,2.000000000E0
1.211125504E2,3.000000000E0
1.212227933E2,2.000000000E0
1.213334406E2,2.000000000E0
1.214428791E2,1.000000000E0
1.215524212E2,1.000000000E0
1.216621659E2,1.000000000E0
1.217709258E2,2.000000000E0
1.218818192E2,2.000000000E0
1.219919438E2,2.000000000E0
1.221013945E2,2.000000000E0
1.222104082E2,2.000000000E0
1.223188091E2,2.000000000E0
1.224289436E2,1.000000000E0
1.225389730E2,1.000000000E0
1.226499963E2,1.000000000E0
1.227601316E2,1.000000000E0
1.228690529E2,1.000000000E0
1.229787479E2,1.000000000E0
1.230868182E2,1.000000000E0
1.231965415E2,1.000000000E0
1.233066787E2,1.000000000E0
1.234166511E2,1.000000000E0
1.235266461E2,1.000000000E0
1.236363080E2,1.000000000E0
1.237451474E2,1.000000000E0
1.238549385E2,1.000000000E0
1.239650892E2,0.000000000E0
1.240752292E2,1.000000000E0
1.241850680E2,1.000000000E0
1.242939277E2,1.000000000E0
1.244035323E2,1.000000000E0
1.245135391E2,1.000000000E0
1.246237628E2,1.000000000E0
1.247344735E2,1.000000000E0
1.248436664E2,1.000000000E0
1.249530569E2,1.000000000E0
1.250630818E2,1.000000000E0
1.251741328E2,1.000000000E0
1.252831889E2,1.000000000E0
1.253933849E2,1.000000000E0
1.255036930E2,1.000000000E0
1.256134551E2,1.000000000E0
1.257216563E2,1.000000000E0
1.258311814E2,2.000000000E0
1.259418111E2,1.000000000E0
1.260526559E2,0.000000000E0
1.261620315E2,2.000000000E0
1.262713181E2,2.000000000E0
1.263808107E2,1.000000000E0
1.264894917E2,2.000000000E0
1.266009148E2,1.000000000E0
1.267110855E2,1.000000000E0
1.268197105E2,3.000000000E0
1.269296062E2,3.000000000E0
1.270391038E2,4.000000000E0
1.271474028E2,5.000000000E0
1.272572576E2,5.000000000E0
1.273682585E2,5.000000000E0
1.274781253E2,6.000000000E0
1.275867028E2,6.000000000E0
1.276963636E2,5.000000000E0
1.278059301E2,5.000000000E0
1.279157274E2,5.000000000E0
1.280258313E2,6.000000000E0
1.281359160E2,7.000000000E0
1.282450706E2,9.000000000E0
1.283548414E2,9.000000000E0
1.284648121E2,9.000000000E0
1.285743269E2,1.000000000E1
1.286843164E2,1.000000000E1
1.287944053E2,9.000000000E0
1.289043272E2,8.000000000E0
1.290142545E2,7.000000000E0
1.291235200E2,7.000000000E0
1.292335324E2,7.000000000E0
1.293435195E2,8.000000000E0
1.294529315E2,8.000000000E0
1.295630598E2,8.000000000E0
1.296722515E2,7.000000000E0
1.297835468E2,8.000000000E0
1.298932686E2,6.000000000E0
1.300035145E2,6.000000000E0
1.301133508E2,6.000000000E0
1.302228292E2,5.000000000E0
1.303323637E2,6.000000000E0
1.304420566E2,6.000000000E0
1.305508433E2,6.000000000E0
1.306616919E2,8.000000000E0
1.307710217E2,8.000000000E0
1.308811784E2,9.000000000E0
1.309904085E2,9.000000000E0
1.310986694E2,9.000000000E0
1.312086901E2,9.000000000E0
1.313187268E2,8.000000000E0
1.314298013E2,8.000000000E0
1.315391510E2,8.000000000E0
1.316487713E2,8.000000000E0
1.317585292E2,8.000000000E0
1.318674003E2,8.000000000E0
1.319763923E2,8.000000000E0
1.320865913E2,8.000000000E0
1.321965209E2,9.000000000E0
1.323062418E2,9.000000000E0
1.324161942E2,9.000000000E0
1.325251332E2,9.000000000E0
1.326348661E2,1.000000000E1
1.327450335E2,1.200000000E1
1.328550239E2,1.300000000E1
1.329650978E2,1.300000000E1
1.330739575E2,1.400000000E1
1.331834858E2,1.400000000E1
1.332934397E2,1.400000000E1
1.334035372E2,1.500000000E1
1.335145739E2,1.400000000E1
1.336227476E2,1.300000000E1
1.337329352E2,1.200000000E1
1.338441779E2,1.200000000E1
1.339541443E2,1.100000000E1
1.340632895E2,1.100000000E1
1.341735114E2,1.000000000E1
1.342835083E2,1.000000000E1
1.343935166E2,1.100000000E1
1.345026400E2,1.100000000E1
1.346110259E2,1.100000000E1
1.347223757E2,1.100000000E1
1.348325372E2,1.100000000E1
1.349419042E2,1.200000000E1
1.350512467E2,1.100000000E1
1.351592421E2,1.200000000E1
1.352695645E2,1.200000000E1
1.353807495E2,1.000000000E1
1.354897330E2,1.100000000E1
1.355996421E2,1.100000000E1
1.357102344E2,1.200000000E1
1.358196849E2,1.100000000E1
1.359295503E2,1.100000000E1
1.360376333E2,1.200000000E1
1.361475381E2,1.300000000E1
1.362574858E2,1.300000000E1
1.363693206E2,1.400000000E1
1.364783114E2,1.700000000E1
1.365879176E2,1.800000000E1
1.366963720E2,1.800000000E1
1.368058525E2,1.900000000E1
1.369159008E2,1.900000000E1
1.370259760E2,1.700000000E1
1.371358388E2,1.500000000E1
1.372458782E2,1.400000000E1
1.373548604E2,1.500000000E1
1.374644231E2,1.400000000E1
1.375742767E2,1.400000000E1
1.376844326E2,1.500000000E1
1.377944883E2,1.500000000E1
1.379043757E2,1.200000000E1
1.380143547E2,1.200000000E1
1.381235385E2,1.200000000E1
1.382335638E2,1.500000000E1
1.383428923E2,1.500000000E1
1.384529086E2,1.500000000E1
1.385622886E2,1.500000000E1
1.386732183E2,1.500000000E1
1.387825804E2,1.500000000E1
1.388927126E2,1.500000000E1
1.390028438E2,1.500000000E1
1.391128939E2,1.500000000E1
1.392223230E2,9.000000000E0
1.393321000E2,1.000000000E1
1.394410080E2,1.000000000E1
1.395516314E2,1.000000000E1
1.396613010E2,1.500000000E1
1.397712551E2,1.500000000E1
1.398802708E2,1.500000000E1
1.399898742E2,1.500000000E1
1.400986166E2,1.500000000E1
1.402088961E2,1.900000000E1
1.403189277E2,2.000000000E1
1.404291944E2,1.800000000E1
1.405386598E2,1.800000000E1
1.406470155E2,1.800000000E1
1.407564216E2,1.700000000E1
1.408664524E2,1.500000000E1
1.409765865E2,1.400000000E1
1.410865102E2,1.300000000E1
1.411959391E2,1.300000000E1
1.413050000E2,1.500000000E1
1.414147703E2,1.500000000E1
1.415247847E2,1.500000000E1
1.416344043E2,1.500000000E1
1.417443913E2,1.600000000E1
1.418538809E2,1.500000000E1
1.419638544E2,1.500000000E1
1.420732954E2,1.500000000E1
1.421833259E2,1.600000000E1
1.422935022E2,1.300000000E1
1.424026723E2,1.400000000E1
1.425134809E2,1.200000000E1
1.426229871E2,1.500000000E1
1.427332317E2,1.400000000E1
1.428432457E2,1.500000000E1
1.429531302E2,1.600000000E1
1.430625022E2,1.800000000E1
1.431722380E2,1.700000000E1
1.432814164E2,1.500000000E1
1.433909123E2,1.300000000E1
1.435024521E2,1.100000000E1
1.436124244E2,1.200000000E1
1.437210828E2,1.500000000E1
1.438306608E2,1.500000000E1
1.439392869E2,1.500000000E1
1.440491955E2,1.500000000E1
1.441594632E2,1.500000000E1
1.442696174E2,1.400000000E1
1.443792032E2,1.400000000E1
1.444890444E2,1.500000000E1
1.445973210E2,1.300000000E1
1.447077056E2,1.300000000E1
1.448170289E2,1.200000000E1
1.449271256E2,1.200000000E1
1.450363862E2,1.200000000E1
1.451464231E2,1.100000000E1
1.452561511E2,1.100000000E1
1.453654976E2,1.200000000E1
1.454754787E2,1.200000000E1
1.455856253E2,1.200000000E1
1.456957678E2,8.000000000E0
1.458053757E2,1.100000000E1
1.459145795E2,1.600000000E1
1.460237558E2,1.500000000E1
1.461338370E2,1.500000000E1
1.462441284E2,1.500000000E1
1.463542911E2,1.500000000E1
1.464633884E2,1.500000000E1
1.465743108E2,1.400000000E1
1.466838315E2,1.300000000E1
1.467942547E2,1.200000000E1
1.469034871E2,1.300000000E1
1.470135761E2,1.300000000E1
1.471221188E2,1.300000000E1
1.472327265E2,1.300000000E1
1.473420044E2,1.200000000E1
1.474528266E2,1.100000000E1
1.475623289E2,1.000000000E1
1.476716437E2,9.000000000E0
1.477815467E2,8.000000000E0
1.478896855E2,8.000000000E0
1.479997659E2,9.000000000E0
1.481100546E2,9.000000000E0
1.482203916E2,9.000000000E0
1.483309140E2,9.000000000E0
1.484400573E2,9.000000000E0
1.485498435E2,1.000000000E1
1.486582183E2,1.000000000E1
1.487683838E2,8.000000000E0
1.488795328E2,6.000000000E0
1.489895592E2,5.000000000E0
1.490985760E2,2.000000000E0
1.492082960E2,1.000000000E0
1.493178823E2,5.000000000E0
1.494261208E2,6.000000000E0
1.495362377E2,7.000000000E0
1.496463282E2,7.000000000E0
1.497561212E2,7.000000000E0
1.498661230E2,6.000000000E0
1.499751661E2,5.000000000E0
1.500846432E2,5.000000000E0
1.501946391E2,1.000000000E0
1.503047468E2,1.000000000E0
1.504147184E2,1.000000000E0
1.505242510E2,1.000000000E0
1.506336305E2,0.000000000E0
1.507430088E2,0.000000000E0
1.508531803E2,0.000000000E0
1.509632391E2,0.000000000E0
1.510725191E2,0.000000000E0
1.511824208E2,0.000000000E0
1.512926092E2,0.000000000E0
1.514037240E2,0.000000000E0
1.515128390E2,0.000000000E0
1.516237258E2,0.000000000E0
1.517331360E2,0.000000000E0
1.518424450E2,0.000000000E0
1.519511555E2,0.000000000E0
1.520613058E2,0.000000000E0
1.521708861E2,0.000000000E0
1.522821692E2,0.000000000E0
1.523917797E2,0.000000000E0
1.525012550E2,0.000000000E0
1.526109712E2,0.000000000E0
1.527191880E2,0.000000000E0
1.528291120E2,0.000000000E0
1.529393567E2,0.000000000E0
1.530492566E2,0.000000000E0
1.531590996E2,0.000000000E0
1.532687458E2,0.000000000E0
1.533769656E2,0.000000000E0
1.534867868E2,0.000000000E0
1.535968154E2,0.000000000E0
1.537070508E2,0.000000000E0
1.538168867E2,0.000000000E0
1.539257868E2,0.000000000E0
1.540354978E2,0.000000000E0
1.541452289E2,0.000000000E0
1.542553809E2,0.000000000E0
1.543654730E2,0.000000000E0
1.544754868E2,0.000000000E0
1.545844680E2,0.000000000E0
1.546943314E2,0.000000000E0
1.548037513E2,0.000000000E0
1.549137707E2,0.000000000E0
1.550238722E2,0.000000000E0
1.551339028E2,0.000000000E0
1.552432338E2,0.000000000E0
1.553534649E2,0.000000000E0
1.554632757E2,0.000000000E0
1.555735439E2,0.000000000E0
1.556835644E2,0.000000000E0
1.557935159E2,0.000000000E0
1.559036070E2,0.000000000E0
1.560116955E2,0.000000000E0
1.561220193E2,0.000000000E0
1.562327085E2,0.000000000E0
1.563421855E2,1.000000000E0
1.564515822E2,1.000000000E0
1.565615805E2,1.000000000E0
1.566715076E2,0.000000000E0
1.567797222E2,1.000000000E0
1.568898225E2,1.000000000E0
1.570000763E2,1.000000000E0
1.571099757E2,1.000000000E0
1.572198591E2,1.000000000E0
1.573297169E2,1.000000000E0
1.574377857E2,1.000000000E0
1.575476883E2,0.000000000E0
1.576586384E2,1.000000000E0
1.577686642E2,1.000000000E0
1.578789594E2,0.000000000E0
1.579883314E2,0.000000000E0
1.580965644E2,0.000000000E0
1.582060354E2,0.000000000E0
1.583160886E2,0.000000000E0
1.584262055E2,0.000000000E0
1.585363048E2,0.000000000E0
1.586459748E2,1.000000000E0
1.587551827E2,1.000000000E0
1.588645452E2,1.000000000E0
1.589744788E2,1.000000000E0
1.590846197E2,0.000000000E0
1.591946804E2,1.000000000E0
1.593043855E2,0.000000000E0
1.594143686E2,0.000000000E0
1.595230218E2,1.000000000E0
1.596330203E2,0.000000000E0
1.597430228E2,1.000000000E0
1.598531462E2,1.000000000E0
1.599624982E2,2.000000000E0
1.600724632E2,3.000000000E0
1.601830665E2,5.000000000E0
1.602928569E2,4.000000000E0
1.604036099E2,2.000000000E0
1.605122659E2,3.000000000E0
1.606223579E2,6.000000000E0
1.607308797E2,6.000000000E0
1.608404218E2,6.000000000E0
1.609513022E2,6.000000000E0
1.610618779E2,4.000000000E0
1.611713981E2,5.000000000E0
1.612811630E2,4.000000000E0
1.613888907E2,3.000000000E0
1.614990357E2,4.000000000E0
1.616099172E2,5.000000000E0
1.617201708E2,5.000000000E0
1.618290659E2,4.000000000E0
1.619389477E2,6.000000000E0
1.620488665E2,5.000000000E0
1.621577111E2,5.000000000E0
1.622666084E2,5.000000000E0
1.623767535E2,5.000000000E0
1.624869138E2,5.000000000E0
1.625966812E2,6.000000000E0
1.627064812E2,5.000000000E0
1.628153085E2,5.000000000E0
1.629250839E2,6.000000000E0
1.630352085E2,6.000000000E0
1.631452544E2,6.000000000E0
1.632551435E2,6.000000000E0
1.633641559E2,6.000000000E0
1.634736769E2,6.000000000E0
1.635842676E2,6.000000000E0
1.636943997E2,6.000000000E0
1.638037133E2,6.000000000E0
1.639131692E2,6.000000000E0
1.640239174E2,6.000000000E0
1.641332665E2,6.000000000E0
1.642431141E2,6.000000000E0
1.643543683E2,6.000000000E0
1.644635013E2,6.000000000E0
1.645735588E2,6.000000000E0
1.646835511E2,6.000000000E0
1.647935755E2,6.000000000E0
1.649019173E2,6.000000000E0
1.650114403E2,4.000000000E0
1.651227182E2,1.000000000E0
1.652328536E2,0.000000000E0
1.653415117E2,1.000000000E0
1.654514720E2,1.000000000E0
1.655595640E2,2.000000000E0
1.656696602E2,3.000000000E0
1.657811732E2,4.000000000E0
1.658912977E2,4.000000000E0
1.659998167E2,1.000000000E0
1.661093376E2,0.000000000E0
1.662194021E2,0.000000000E0
1.663281329E2,0.000000000E0
1.664375247E2,0.000000000E0
1.665476366E2,1.000000000E0
1.666587781E2,0.000000000E0
1.667684381E2,0.000000000E0
1.668781837E2,0.000000000E0
1.669877194E2,0.000000000E0
1.670961446E2,1.000000000E0
1.672060707E2,0.000000000E0
1.673161879E2,0.000000000E0
1.674263279E2,0.000000000E0
1.675361480E2,0.000000000E0
1.676451676E2,0.000000000E0
1.677547760E2,0.000000000E0
1.678646880E2,0.000000000E0
1.679746216E2,0.000000000E0
1.680848948E2,0.000000000E0
1.681946723E2,0.000000000E0
1.683047439E2,1.000000000E0
1.684137368E2,0.000000000E0
1.685237566E2,0.000000000E0
1.686332039E2,0.000000000E0
1.687434467E2,0.000000000E0
1.688535344E2,0.000000000E0
1.689636293E2,0.000000000E0
1.690725572E2,0.000000000E0
1.691827403E2,0.000000000E0
1.692931778E2,0.000000000E0
1.694031218E2,0.000000000E0
1.695139390E2,1.000000000E0
1.696232224E2,0.000000000E0
1.697326857E2,0.000000000E0
1.698425241E2,1.000000000E0
1.699512902E2,0.000000000E0
1.700614552E2,0.000000000E0
1.701722440E2,1.000000000E0
1.702809648E2,1.000000000E0
1.703910727E2,1.000000000E0
1.705010299E2,1.000000000E0
1.706093274E2,1.000000000E0
1.707192552E2,0.000000000E0
1.708307874E2,0.000000000E0
1.709410419E2,1.000000000E0
1.710493918E2,1.000000000E0
1.711591185E2,1.000000000E0
1.712687923E2,0.000000000E0
1.713769274E2,1.000000000E0
1.714870754E2,1.000000000E0
1.715971082E2,2.000000000E0
1.717064028E2,1.000000000E0
1.718163113E2,1.000000000E0
1.719260278E2,0.000000000E0
1.720355644E2,0.000000000E0
1.721454896E2,1.000000000E0
1.722555937E2,1.000000000E0
1.723655834E2,1.000000000E0
1.724754381E2,0.000000000E0
1.725844542E2,1.000000000E0
1.726940033E2,0.000000000E0
1.728038730E2,1.000000000E0
1.729140287E2,1.000000000E0
1.730240736E2,1.000000000E0
1.731332766E2,0.000000000E0
1.732434719E2,1.000000000E0
1.733535874E2,1.000000000E0
1.734633905E2,1.000000000E0
1.735735430E2,1.000000000E0
1.736835480E2,2.000000000E0
1.737928573E2,2.000000000E0
1.739020302E2,1.000000000E0
1.740128829E2,1.000000000E0
1.741225398E2,1.000000000E0
1.742329886E2,1.000000000E0
1.743431369E2,1.000000000E0
1.744525228E2,1.000000000E0
1.745614252E2,0.000000000E0
1.746698477E2,0.000000000E0
1.747800386E2,0.000000000E0
1.748913717E2,1.000000000E0
1.750016019E2,1.000000000E0
1.751099710E2,2.000000000E0
1.752198410E2,3.000000000E0
1.753282841E2,1.000000000E0
1.754376517E2,2.000000000E0
1.755477345E2,3.000000000E0
1.756587561E2,3.000000000E0
1.757681298E2,3.000000000E0
1.758777053E2,2.000000000E0
1.759860225E2,1.000000000E0
1.760960084E2,2.000000000E0
1.762061281E2,2.000000000E0
1.763162056E2,1.000000000E0
1.764259526E2,2.000000000E0
1.765351249E2,1.000000000E0
1.766446498E2,1.000000000E0
1.767544298E2,1.000000000E0
1.768645450E2,2.000000000E0
1.769746970E2,3.000000000E0
1.770842627E2,2.000000000E0
1.771941930E2,2.000000000E0
1.773035591E2,3.000000000E0
1.774129637E2,2.000000000E0
1.775231071E2,3.000000000E0
1.776322014E2,3.000000000E0
1.777423525E2,3.000000000E0
1.778534051E2,3.000000000E0
1.779625547E2,3.000000000E0
1.780733989E2,3.000000000E0
1.781821936E2,3.000000000E0
1.782921324E2,1.000000000E0
1.784021544E2,3.000000000E0
1.785109560E2,1.000000000E0
1.786203114E2,5.000000000E0
1.787307458E2,6.000000000E0
1.788411659E2,7.000000000E0
1.789512158E2,8.000000000E0
1.790612514E2,8.000000000E0
1.791703252E2,9.000000000E0
1.792789763E2,9.000000000E0
1.793891597E2,9.000000000E0
1.794991399E2,9.000000000E0
1.796089861E2,9.000000000E0
1.797188270E2,9.000000000E0
1.798271611E2,9.000000000E0
1.799373576E2,9.000000000E0
1.800465454E2,9.000000000E0
1.801566410E2,9.000000000E0
1.802666144E2,9.000000000E0
1.803765965E2,9.000000000E0
1.804862944E2,9.000000000E0
1.805951164E2,6.000000000E0
1.807049610E2,7.000000000E0
1.808151923E2,9.000000000E0
1.809251950E2,9.000000000E0
1.810348950E2,1.000000000E1
1.811440843E2,9.000000000E0
1.812534111E2,5.000000000E0
1.813636160E2,3.000000000E0
1.814744079E2,3.000000000E0
1.815835104E2,2.000000000E0
1.816929046E2,3.000000000E0
1.818029477E2,4.000000000E0
1.819130634E2,3.000000000E0
1.820241291E2,0.000000000E0
1.821332051E2,0.000000000E0
1.822429599E2,0.000000000E0
1.823527156E2,0.000000000E0
1.824614587E2,0.000000000E0
1.825709835E2,0.000000000E0
1.826816503E2,0.000000000E0
1.827912872E2,4.000000000E0
1.829011519E2,4.000000000E0
1.830106762E2,2.000000000E0
1.831193490E2,1.000000000E0
1.832285763E2,0.000000000E0
1.833386535E2,0.000000000E0
1.834493824E2,0.000000000E0
1.835590596E2,0.000000000E0
1.836688464E2,0.000000000E0
1.837777735E2,0.000000000E0
1.838869646E2,0.000000000E0
1.839970646E2,0.000000000E0
1.841071979E2,0.000000000E0
1.842178056E2,0.000000000E0
1.843260468E2,0.000000000E0
1.844354693E2,0.000000000E0
1.845453271E2,0.000000000E0
1.846554772E2,0.000000000E0
1.847652994E2,0.000000000E0
1.848743028E2,0.000000000E0
1.849842952E2,0.000000000E0
1.850946097E2,0.000000000E0
1.852037842E2,0.000000000E0
1.853138933E2,0.000000000E0
1.854238766E2,0.000000000E0
1.855332581E2,0.000000000E0
1.856433711E2,0.000000000E0
1.857532586E2,1.000000000E0
1.858645797E2,2.000000000E0
1.859735450E2,1.000000000E0
1.860837202E2,1.000000000E0
1.861935957E2,1.000000000E0
1.863026231E2,0.000000000E0
1.864118388E2,0.000000000E0
1.865226812E2,0.000000000E0
1.866328861E2,0.000000000E0
1.867424756E2,0.000000000E0
1.868519190E2,0.000000000E0
1.869617236E2,1.000000000E0
1.870716245E2,0.000000000E0
1.871800372E2,0.000000000E0
1.872900499E2,1.000000000E0
1.874014443E2,1.000000000E0
1.875100456E2,1.000000000E0
1.876199440E2,1.000000000E0
1.877295470E2,1.000000000E0
1.878377347E2,1.000000000E0
1.879476393E2,0.000000000E0
1.880594581E2,0.000000000E0
1.881684919E2,0.000000000E0
1.882782293E2,1.000000000E0
1.883866692E2,1.000000000E0
1.884964685E2,2.000000000E0
1.886060834E2,1.000000000E0
1.887161489E2,1.000000000E0
1.888263065E2,1.000000000E0
