"Time (s)","Latitude (°)","Longitude (°)","Height (m)","Velocity (m/s)","Direction (°)","Horizontal Accuracy (m)","Vertical Accuracy (m)"
0.000000000E0,3.204966700E1,1.187849010E2,0.000000000E0,0.000000000E0,0.000000000E0,2.500000000E1,0.000000000E0
3.582562500E-1,3.204966700E1,1.187849010E2,0.000000000E0,0.000000000E0,0.000000000E0,2.500000000E1,0.000000000E0
2.911229167E0,3.204972579E1,1.187848040E2,-7.363124589E-1,9.568632841E-1,2.732571716E2,2.350783730E1,2.350783730E1
3.915172396E0,3.204964529E1,1.187847928E2,3.122306774E1,8.142700791E-1,2.849187927E2,1.871339226E1,1.871339226E1
4.909240104E0,3.204962676E1,1.187848280E2,3.662526439E1,9.700828195E-1,3.156831665E2,1.613852310E1,1.613852310E1
6.303242187E0,3.204955947E1,1.187848216E2,5.744696113E1,9.659733176E-1,3.178340759E2,1.912176323E1,1.912176323E1
7.300431249E0,3.204954564E1,1.187847859E2,6.294281435E1,8.731946349E-1,3.208952637E2,1.712638474E1,1.712638474E1
8.287658332E0,3.204959752E1,1.187846928E2,5.602779912E1,5.896282196E-1,2.937869873E2,1.260779762E1,1.260779762E1
9.296360416E0,3.204960893E1,1.187846880E2,5.525324860E1,1.014827371E0,2.937869873E2,1.072283077E1,1.072283077E1
1.030825156E1,3.204961118E1,1.187846752E2,5.573173510E1,1.004161477E0,2.697775269E2,9.061130524E0,9.061130524E0
1.134146823E1,3.204961399E1,1.187846591E2,6.503641192E1,9.357920885E-1,2.762931213E2,1.106906700E1,1.106906700E1
1.231781562E1,3.204964739E1,1.187846627E2,6.516541792E1,8.642293215E-1,2.809058533E2,1.034419060E1,1.034419060E1
1.331554271E1,3.204966004E1,1.187846467E2,6.418587414E1,8.450993299E-1,3.007070923E2,9.330238342E0,9.330238342E0
1.431414583E1,3.204967037E1,1.187846339E2,6.446133198E1,1.275188088E0,3.471774597E2,8.344640732E0,8.344640732E0
1.529768750E1,3.204967971E1,1.187846234E2,6.466309180E1,1.524800301E0,3.155816040E2,7.893056870E0,7.893056870E0
1.632250677E1,3.204968085E1,1.187846058E2,6.562130137E1,1.498501658E0,2.782648315E2,6.616952896E0,6.616952896E0
1.731205625E1,3.204968391E1,1.187845881E2,6.695363912E1,1.261440396E0,2.831392212E2,5.721954346E0,5.721954346E0
1.833342760E1,3.204968775E1,1.187845755E2,6.738561233E1,1.349265218E0,2.977751465E2,5.658004761E0,5.658004761E0
1.931669010E1,3.204968813E1,1.187845614E2,6.701852503E1,1.642538667E0,2.897117310E2,5.587130547E0,5.587130547E0
2.031500885E1,3.204968403E1,1.187845492E2,6.650600565E1,1.605220795E0,2.795588684E2,5.231935501E0,5.231935501E0
2.131703906E1,3.204967470E1,1.187845420E2,6.579428461E1,1.562484264E0,2.763083496E2,5.354135513E0,5.354135513E0
2.233114896E1,3.204967161E1,1.187845413E2,6.411012442E1,1.371769905E0,2.911174927E2,5.288020134E0,5.288020134E0
2.333205521E1,3.204966797E1,1.187845392E2,6.268129564E1,1.270090699E0,2.949534912E2,4.699999809E0,4.699999809E0
2.431933698E1,3.204966096E1,1.187845289E2,6.145985248E1,1.278952003E0,2.926804199E2,4.699999809E0,4.699999809E0
2.534604739E1,3.204965427E1,1.187845200E2,6.049133384E1,1.241267204E0,2.907420044E2,4.699999809E0,4.699999809E0
2.632976354E1,3.204965370E1,1.187845084E2,5.952275240E1,1.046743274E0,2.904423828E2,4.699999809E0,4.699999809E0
2.732530364E1,3.204965345E1,1.187844948E2,5.883021947E1,9.277774096E-1,2.891254272E2,4.699999809E0,4.699999809E0
2.833298958E1,3.204966849E1,1.187844861E2,5.827459406E1,1.248511910E0,2.951271057E2,4.900000095E0,4.900000095E0
2.932975260E1,3.204967457E1,1.187844766E2,5.782021679E1,1.388667941E0,2.855176697E2,4.699999809E0,4.699999809E0
3.033127968E1,3.204968032E1,1.187844652E2,5.715854858E1,1.280659437E0,2.742932739E2,4.699999809E0,4.699999809E0
3.134544270E1,3.204968285E1,1.187844526E2,5.717222165E1,1.235114813E0,2.724622803E2,4.699999809E0,4.699999809E0
3.233259166E1,3.204968493E1,1.187844381E2,5.712533590E1,1.214503884E0,2.729013062E2,4.699999809E0,4.699999809E0
3.332952968E1,3.204968656E1,1.187844227E2,5.708945298E1,1.022145629E0,2.728791504E2,4.699999809E0,4.699999809E0
3.433513020E1,3.204968940E1,1.187844066E2,5.656094459E1,8.819729686E-1,2.706173706E2,4.699999809E0,4.699999809E0
3.535353593E1,3.204968866E1,1.187843946E2,5.546798377E1,1.241823316E0,2.923019104E2,4.699999809E0,4.699999809E0
3.633736145E1,3.204969077E1,1.187843826E2,5.513926339E1,1.246281028E0,2.903480225E2,4.699999809E0,4.699999809E0
3.735223333E1,3.204969411E1,1.187843692E2,5.484256148E1,1.028536558E0,2.792658386E2,4.699999809E0,4.699999809E0
3.835953385E1,3.204969560E1,1.187843547E2,5.452977241E1,1.149821877E0,2.728160095E2,4.699999809E0,4.699999809E0
3.933028437E1,3.204969760E1,1.187843385E2,5.399512289E1,1.249648571E0,2.682022400E2,4.699999809E0,4.699999809E0
4.033416302E1,3.204970172E1,1.187843199E2,5.387611073E1,1.299727440E0,2.748235779E2,4.699999809E0,4.699999809E0
4.133759010E1,3.204970771E1,1.187843017E2,5.334955037E1,1.510397553E0,2.824751587E2,4.699999809E0,4.699999809E0
4.233446874E1,3.204971384E1,1.187842836E2,5.295229522E1,1.382434845E0,2.819501648E2,4.699999809E0,4.699999809E0
4.334680104E1,3.204971652E1,1.187842665E2,5.165137292E1,1.053580165E0,2.779901428E2,4.699999809E0,4.699999809E0
4.437625989E1,3.204971790E1,1.187842504E2,5.057516003E1,1.124414444E0,2.874459839E2,4.699999809E0,4.699999809E0
4.533611614E1,3.204972002E1,1.187842345E2,4.972066179E1,1.130068660E0,2.750806274E2,4.699999809E0,4.699999809E0
4.633320833E1,3.204971987E1,1.187842181E2,4.941468844E1,1.383544683E0,2.249908295E2,4.699999809E0,4.699999809E0
4.732575885E1,3.204971711E1,1.187842053E2,4.963901852E1,1.560436368E0,2.335601501E2,4.699999809E0,4.699999809E0
4.835158958E1,3.204971823E1,1.187841937E2,4.961336486E1,1.413198233E0,2.620722656E2,4.699999809E0,4.699999809E0
4.934650416E1,3.204972122E1,1.187841795E2,4.919739032E1,1.297092438E0,2.850744019E2,4.699999809E0,4.699999809E0
5.033594530E1,3.204972509E1,1.187841647E2,4.874368133E1,1.009635329E0,2.839043884E2,4.699999809E0,4.699999809E0
5.133799010E1,3.204972858E1,1.187841519E2,4.825470228E1,1.070814013E0,2.680844116E2,4.699999809E0,4.699999809E0
5.232599739E1,3.204973055E1,1.187841369E2,4.820003826E1,1.463968515E0,2.353374329E2,4.699999809E0,4.699999809E0
5.333107656E1,3.204972201E1,1.187841225E2,4.744977417E1,1.438498378E0,2.176307068E2,4.699999809E0,4.699999809E0
5.432554583E1,3.204971065E1,1.187841117E2,4.675615671E1,1.320263147E0,2.003667755E2,4.699999809E0,4.699999809E0
5.534215520E1,3.204970093E1,1.187841076E2,4.616026340E1,1.153695226E0,1.833558960E2,4.699999809E0,4.699999809E0
5.632891249E1,3.204969220E1,1.187841065E2,4.554352479E1,1.011846662E0,1.760005951E2,4.699999809E0,4.699999809E0
5.733348541E1,3.204968572E1,1.187841067E2,4.498846479E1,9.249594212E-1,1.982765808E2,4.699999809E0,4.699999809E0
5.833594739E1,3.204967705E1,1.187841039E2,4.455345957E1,8.805038929E-1,1.923676453E2,4.699999809E0,4.699999809E0
5.934180051E1,3.204967168E1,1.187841048E2,4.407876538E1,8.218449354E-1,1.791674042E2,4.699999809E0,4.699999809E0
6.033015155E1,3.204966593E1,1.187841080E2,4.391185936E1,5.625943542E-1,1.803811035E2,4.699999809E0,4.699999809E0
6.133697082E1,3.204966158E1,1.187841125E2,4.370190319E1,4.056556225E-1,1.574195251E2,4.900000095E0,4.900000095E0
6.233706926E1,3.204965704E1,1.187841241E2,4.313514022E1,5.497028232E-1,1.318046265E2,4.900000095E0,4.900000095E0
6.332519270E1,3.204965378E1,1.187841360E2,4.283898206E1,7.299560308E-1,1.403331299E2,4.699999809E0,4.699999809E0
6.433834478E1,3.204965048E1,1.187841405E2,4.274955077E1,1.018287778E0,1.536204681E2,4.699999809E0,4.699999809E0
6.534113905E1,3.204964466E1,1.187841418E2,4.259798061E1,9.245790839E-1,1.609756012E2,4.699999809E0,4.699999809E0
6.632012134E1,3.204963855E1,1.187841420E2,4.209444064E1,7.080357671E-1,2.026383057E2,4.900000095E0,4.900000095E0
6.733684478E1,3.204963319E1,1.187841441E2,4.112583651E1,8.000848889E-1,2.357122650E2,4.699999809E0,4.699999809E0
6.832145832E1,3.204962396E1,1.187841419E2,4.112948937E1,8.860058188E-1,2.513511658E2,4.699999809E0,4.699999809E0
6.932280259E1,3.204961870E1,1.187841401E2,4.043357040E1,7.780781388E-1,2.486935425E2,4.699999809E0,4.699999809E0
7.033219791E1,3.204961246E1,1.187841366E2,4.013433167E1,9.197894335E-1,2.740007324E2,4.699999809E0,4.699999809E0
7.135940676E1,3.204961181E1,1.187841309E2,3.960727544E1,1.127372503E0,2.904415588E2,4.699999809E0,4.699999809E0
7.234496770E1,3.204961695E1,1.187841206E2,3.928485820E1,1.039967418E0,3.374276733E2,4.699999809E0,4.699999809E0
7.334143124E1,3.204962283E1,1.187841137E2,3.929389819E1,9.474135637E-1,1.385224247E1,4.900000095E0,4.900000095E0
7.432782916E1,3.204962977E1,1.187841144E2,3.911494983E1,6.931159496E-1,1.319719982E1,4.699999809E0,4.699999809E0
7.531946874E1,3.204963603E1,1.187841166E2,3.864620780E1,5.408176184E-1,7.189413548E0,4.900000095E0,4.900000095E0
7.632542655E1,3.204964125E1,1.187841236E2,3.820973094E1,6.813337207E-1,3.447264404E2,4.900000095E0,4.900000095E0
7.732942551E1,3.204964833E1,1.187841279E2,3.769566550E1,7.601718307E-1,3.397655334E2,4.699999809E0,4.699999809E0
7.833287395E1,3.204965432E1,1.187841282E2,3.759720185E1,7.247667909E-1,3.152937927E2,4.699999809E0,4.699999809E0
7.936180520E1,3.204965951E1,1.187841259E2,3.723433608E1,6.908857226E-1,2.939860840E2,4.900000095E0,4.900000095E0
8.032705207E1,3.204966111E1,1.187841240E2,3.696892573E1,7.122145295E-1,2.825012207E2,4.900000095E0,4.900000095E0
8.133730051E1,3.204966178E1,1.187841219E2,3.661982792E1,8.331139088E-1,2.854999084E2,4.699999809E0,4.699999809E0
8.233432082E1,3.204966221E1,1.187841175E2,3.624457976E1,8.709062338E-1,2.702580566E2,4.699999809E0,4.699999809E0
8.333957655E1,3.204966151E1,1.187841102E2,3.592857749E1,6.927726865E-1,2.704588013E2,4.699999809E0,4.699999809E0
8.434691405E1,3.204965986E1,1.187841064E2,3.560991330E1,5.228369236E-1,3.142248230E2,4.900000095E0,4.900000095E0
8.533808592E1,3.204966383E1,1.187841030E2,3.555286816E1,6.321282983E-1,3.563754272E2,4.699999809E0,4.699999809E0
8.633301613E1,3.204967193E1,1.187841019E2,3.557663892E1,8.171178102E-1,2.589102554E1,4.699999809E0,4.699999809E0
8.733470988E1,3.204967764E1,1.187841036E2,3.541718172E1,8.110710979E-1,2.253714943E1,4.699999809E0,4.699999809E0
8.833407759E1,3.204968862E1,1.187841086E2,3.508385261E1,8.523487449E-1,3.324197388E1,4.900000095E0,4.900000095E0
8.932655988E1,3.204969437E1,1.187841089E2,3.474871558E1,6.952366233E-1,3.471214294E2,4.900000095E0,4.900000095E0
9.033910311E1,3.204969716E1,1.187841049E2,3.445179106E1,5.730845332E-1,2.569125671E2,4.699999809E0,4.699999809E0
9.130612967E1,3.204969357E1,1.187841014E2,3.348535332E1,7.040631175E-1,1.948979187E2,4.699999809E0,4.699999809E0
9.232327499E1,3.204968677E1,1.187841001E2,3.307528547E1,8.320326209E-1,2.073567963E2,4.900000095E0,4.900000095E0
9.332953228E1,3.204967828E1,1.187840971E2,3.220412518E1,7.799479961E-1,2.431588440E2,4.900000095E0,4.900000095E0
9.435793072E1,3.204967469E1,1.187840919E2,3.191850949E1,6.774774790E-1,2.877023926E2,4.900000095E0,4.900000095E0
9.533379686E1,3.204967436E1,1.187840832E2,3.172930910E1,7.130007744E-1,3.079691772E2,4.900000095E0,4.900000095E0
9.633748124E1,3.204967584E1,1.187840766E2,3.163629096E1,7.284055352E-1,2.949960632E2,4.900000095E0,4.900000095E0
9.730739686E1,3.204967729E1,1.187840699E2,3.174152817E1,9.969065189E-1,3.196654663E2,4.900000095E0,4.900000095E0
9.831961144E1,3.204967949E1,1.187840632E2,3.170401742E1,9.315022826E-1,3.176473694E2,4.900000095E0,4.900000095E0
9.931273384E1,3.204968254E1,1.187840570E2,3.147680549E1,6.415877342E-1,3.127394409E2,4.900000095E0,4.900000095E0
1.003199969E2,3.204968509E1,1.187840514E2,3.138505841E1,4.772991538E-1,3.116069336E2,4.900000095E0,4.900000095E0
1.013282667E2,3.204969345E1,1.187840485E2,3.152257841E1,3.208766580E-1,3.103703918E2,4.900000095E0,4.900000095E0
1.023242297E2,3.204969345E1,1.187840485E2,3.152257841E1,2.782128453E-1,3.103703918E2,4.900000095E0,4.900000095E0
1.033104958E2,3.204969345E1,1.187840485E2,3.152257841E1,1.947489977E-1,3.094666748E2,4.900000095E0,4.900000095E0
1.043198505E2,3.204969345E1,1.187840485E2,3.152257841E1,1.363243014E-1,3.094666748E2,4.900000095E0,4.900000095E0
1.053129088E2,3.204969345E1,1.187840485E2,3.152257841E1,1.449364871E-1,3.120186462E2,4.900000095E0,4.900000095E0
1.063209682E2,3.204969345E1,1.187840485E2,3.152257841E1,1.509650201E-1,3.120186462E2,4.900000095E0,4.900000095E0
1.073143864E2,3.204969345E1,1.187840485E2,3.152257841E1,1.056755185E-1,3.150717163E2,4.900000095E0,4.900000095E0
1.083068792E2,3.204969345E1,1.187840485E2,3.152257841E1,7.397285849E-2,3.150717163E2,4.900000095E0,4.900000095E0
1.093158870E2,3.204969345E1,1.187840485E2,3.152257841E1,1.390164346E-1,3.125556946E2,4.900000095E0,4.900000095E0
1.103390078E2,3.204969345E1,1.187840485E2,3.152257841E1,3.223440349E-1,2.905230103E2,4.900000095E0,4.900000095E0
1.113193552E2,3.204969345E1,1.187840485E2,3.152257841E1,3.634379208E-1,2.905230103E2,4.900000095E0,4.900000095E0
1.123360823E2,3.204969294E1,1.187840445E2,3.137213189E1,3.663320243E-1,2.599388428E2,4.699999809E0,4.699999809E0
1.133117729E2,3.204969036E1,1.187840396E2,3.129273361E1,6.143114567E-1,2.853222656E2,4.699999809E0,4.699999809E0
1.143224958E2,3.204968996E1,1.187840327E2,3.111368337E1,6.692960858E-1,2.843649292E2,4.699999809E0,4.699999809E0
1.152955510E2,3.204969186E1,1.187840253E2,3.068164529E1,5.724762678E-1,2.710277710E2,4.699999809E0,4.699999809E0
1.162869495E2,3.204969341E1,1.187840168E2,3.021667073E1,6.642538905E-1,2.805458374E2,4.699999809E0,4.699999809E0
1.172931255E2,3.204969492E1,1.187840047E2,2.993715044E1,7.623375654E-1,2.797362976E2,4.699999809E0,4.699999809E0
1.182874594E2,3.204969780E1,1.187839928E2,2.965001012E1,8.060462475E-1,2.935977478E2,4.699999809E0,4.699999809E0
1.193012125E2,3.204970265E1,1.187839769E2,2.939990122E1,8.451898694E-1,2.975892334E2,4.699999809E0,4.699999809E0
1.202909724E2,3.204970684E1,1.187839639E2,2.909062858E1,8.681328297E-1,2.937091675E2,4.699999809E0,4.699999809E0
1.212880844E2,3.204971490E1,1.187839515E2,2.861245145E1,8.504552841E-1,3.054001465E2,4.699999809E0,4.699999809E0
1.222897469E2,3.204972144E1,1.187839382E2,2.828725151E1,8.431961536E-1,3.013553467E2,4.699999809E0,4.699999809E0
1.232929682E2,3.204972806E1,1.187839239E2,2.788283687E1,8.617021441E-1,2.980072327E2,4.699999809E0,4.699999809E0
1.242910510E2,3.204973561E1,1.187839104E2,2.744994625E1,9.298149943E-1,3.065224304E2,4.699999809E0,4.699999809E0
1.253009338E2,3.204974525E1,1.187838999E2,2.683315184E1,9.293473959E-1,3.184463806E2,4.699999809E0,4.699999809E0
1.262909031E2,3.204975152E1,1.187838877E2,2.650923162E1,8.689460754E-1,3.092958374E2,4.699999809E0,4.699999809E0
1.272912474E2,3.204975614E1,1.187838756E2,2.626305703E1,8.168796301E-1,3.006824951E2,4.699999809E0,4.699999809E0
1.282954864E2,3.204975823E1,1.187838630E2,2.621916501E1,7.373352647E-1,2.925878601E2,4.900000095E0,4.900000095E0
1.292958807E2,3.204975900E1,1.187838478E2,2.643462986E1,7.082983851E-1,2.951340637E2,4.900000095E0,4.900000095E0
1.302927297E2,3.204975951E1,1.187838372E2,2.640292256E1,7.418388128E-1,2.995109558E2,4.900000095E0,4.900000095E0
1.312892698E2,3.204976222E1,1.187838250E2,2.607214625E1,7.662445903E-1,3.005464478E2,4.699999809E0,4.699999809E0
1.322908422E2,3.204976741E1,1.187838089E2,2.565120771E1,8.375468850E-1,3.099502869E2,4.699999809E0,4.699999809E0
1.332922307E2,3.204977345E1,1.187837951E2,2.527737108E1,8.538759947E-1,3.261127319E2,4.699999809E0,4.699999809E0
1.342949396E2,3.204978128E1,1.187837813E2,2.488386832E1,8.424099088E-1,3.287352905E2,4.699999809E0,4.699999809E0
1.352896625E2,3.204978778E1,1.187837686E2,2.457471845E1,7.573378682E-1,3.254625854E2,4.699999809E0,4.699999809E0
1.362920453E2,3.204979505E1,1.187837530E2,2.393907418E1,6.851634979E-1,3.256405945E2,4.699999809E0,4.699999809E0
1.372887333E2,3.204980367E1,1.187837396E2,2.333050383E1,7.108206153E-1,3.286981812E2,4.699999809E0,4.699999809E0
1.382904385E2,3.204981160E1,1.187837289E2,2.282395117E1,7.471035719E-1,3.248670654E2,4.699999809E0,4.699999809E0
1.392914573E2,3.204981975E1,1.187837176E2,2.227171420E1,8.440787196E-1,3.119505615E2,4.699999809E0,4.699999809E0
1.402863312E2,3.204982635E1,1.187837033E2,2.152286959E1,9.832656980E-1,3.070036011E2,4.699999809E0,4.699999809E0
1.412939260E2,3.204983287E1,1.187836871E2,2.080794411E1,1.146940351E0,3.063073120E2,4.699999809E0,4.699999809E0
1.422926130E2,3.204984276E1,1.187836739E2,2.051192362E1,1.136467695E0,2.987992859E2,4.699999809E0,4.699999809E0
1.432923760E2,3.204985160E1,1.187836608E2,2.030315546E1,1.134710789E0,2.914635010E2,4.699999809E0,4.699999809E0
1.442966458E2,3.204985764E1,1.187836456E2,2.007076816E1,1.091762424E0,2.960717163E2,4.699999809E0,4.699999809E0
1.452937942E2,3.204986247E1,1.187836298E2,1.981153291E1,1.062241077E0,2.990641785E2,4.699999809E0,4.699999809E0
1.462951583E2,3.204986710E1,1.187836139E2,1.953557693E1,1.031509519E0,2.963936462E2,4.699999809E0,4.699999809E0
1.472830219E2,3.204987314E1,1.187835990E2,1.906562974E1,1.019693375E0,2.934020081E2,4.699999809E0,4.699999809E0
1.482864281E2,3.204987982E1,1.187835807E2,1.892906672E1,1.051547289E0,2.942849121E2,4.699999809E0,4.699999809E0
1.493120161E2,3.204988625E1,1.187835639E2,1.851064221E1,1.007719278E0,2.939547424E2,4.699999809E0,4.699999809E0
1.502888953E2,3.204989008E1,1.187835482E2,1.836893175E1,9.967284799E-1,2.807538452E2,4.699999809E0,4.699999809E0
1.512848625E2,3.204989095E1,1.187835311E2,1.822456515E1,1.039359927E0,2.847506104E2,4.699999809E0,4.699999809E0
1.522864495E2,3.204989343E1,1.187835142E2,1.841982934E1,1.114493847E0,2.861741333E2,4.699999809E0,4.699999809E0
1.532886797E2,3.204989731E1,1.187834984E2,1.841252995E1,1.101126790E0,2.900459595E2,4.699999809E0,4.699999809E0
1.542833646E2,3.204990155E1,1.187834773E2,1.874088253E1,1.121818304E0,2.895472412E2,4.699999809E0,4.699999809E0
1.552872953E2,3.204990508E1,1.187834607E2,1.890067140E1,1.114199400E0,2.906756897E2,4.699999809E0,4.699999809E0
1.562812713E2,3.204990748E1,1.187834435E2,1.961066711E1,1.109263420E0,2.887963867E2,4.699999809E0,4.699999809E0
1.572896442E2,3.204991381E1,1.187834258E2,2.010267549E1,1.172017932E0,2.899915771E2,4.699999809E0,4.699999809E0
1.582860911E2,3.204992138E1,1.187834078E2,2.049338446E1,1.179973006E0,2.891089478E2,4.699999809E0,4.699999809E0
1.592898078E2,3.204992716E1,1.187833879E2,2.086039405E1,1.177953959E0,2.856113586E2,4.699999809E0,4.699999809E0
1.602941557E2,3.204993051E1,1.187833668E2,2.108362379E1,1.184957743E0,2.822327881E2,4.699999809E0,4.699999809E0
1.612957838E2,3.204993231E1,1.187833452E2,2.118241502E1,1.173094869E0,2.825426025E2,4.699999809E0,4.699999809E0
1.622877265E2,3.204993393E1,1.187833262E2,2.143874962E1,1.170421600E0,2.840128784E2,4.699999809E0,4.699999809E0
1.632892057E2,3.204994061E1,1.187833080E2,2.169233354E1,1.181496739E0,2.858850403E2,4.699999809E0,4.699999809E0
1.642930307E2,3.204994952E1,1.187832887E2,2.195744924E1,1.372047544E0,2.838575439E2,4.699999809E0,4.699999809E0
1.652971885E2,3.204995698E1,1.187832678E2,2.225145164E1,1.456111073E0,2.842548523E2,5.038195610E0,5.038195610E0
1.662995802E2,3.204996775E1,1.187832473E2,2.269819253E1,1.350072503E0,2.893438721E2,5.302731514E0,5.302731514E0
1.672869317E2,3.204997838E1,1.187832286E2,2.290616621E1,1.245488167E0,2.855256653E2,5.304048538E0,5.304048538E0
1.682894349E2,3.204998931E1,1.187832157E2,2.316297879E1,1.100978732E0,2.902192383E2,5.364828110E0,5.364828110E0
1.692913531E2,3.204999988E1,1.187832056E2,2.323145536E1,1.105644703E0,3.128104858E2,5.502917290E0,5.502917290E0
1.703111114E2,3.205000857E1,1.187831936E2,2.345321000E1,1.117134929E0,3.193618774E2,4.699999809E0,4.699999809E0
1.712983854E2,3.205001572E1,1.187831818E2,2.371642693E1,1.085727334E0,3.129718323E2,4.699999809E0,4.699999809E0
1.723017463E2,3.205002154E1,1.187831678E2,2.388540016E1,1.117676616E0,2.969758301E2,4.699999809E0,4.699999809E0
1.732934588E2,3.205002697E1,1.187831519E2,2.400153660E1,1.148908257E0,2.906961365E2,4.699999809E0,4.699999809E0
1.742943562E2,3.205003209E1,1.187831360E2,2.416259470E1,1.130212069E0,2.802993774E2,4.699999809E0,4.699999809E0
1.752956052E2,3.205004471E1,1.187831259E2,2.428707614E1,1.143164039E0,2.901582642E2,4.699999809E0,4.699999809E0
1.762942088E2,3.205005760E1,1.187831147E2,2.434835161E1,1.166459322E0,2.878732605E2,4.699999809E0,4.699999809E0
1.772986838E2,3.205006680E1,1.187831024E2,2.409616950E1,1.205370784E0,2.937941589E2,4.699999809E0,4.699999809E0
1.782939567E2,3.205007488E1,1.187830885E2,2.385637784E1,1.212609887E0,2.920764465E2,4.699999809E0,4.699999809E0
1.793001265E2,3.205008170E1,1.187830750E2,2.359323848E1,1.092156172E0,2.929978943E2,4.699999809E0,4.699999809E0
1.802970297E2,3.205009044E1,1.187830636E2,2.339129374E1,1.163980484E0,2.852055969E2,4.699999809E0,4.699999809E0
1.812889239E2,3.205009523E1,1.187830505E2,2.313987336E1,1.234467506E0,2.915086060E2,4.699999809E0,4.699999809E0
1.822968630E2,3.205009917E1,1.187830368E2,2.281710491E1,1.062036514E0,3.069308167E2,4.699999809E0,4.699999809E0
1.832896422E2,3.205010514E1,1.187830230E2,2.266191340E1,9.526239634E-1,3.038389893E2,4.699999809E0,4.699999809E0
1.842885120E2,3.205011001E1,1.187830074E2,2.253642724E1,9.978845119E-1,2.995273132E2,4.699999809E0,4.699999809E0
1.852933963E2,3.205011482E1,1.187829946E2,2.239617194E1,9.310190082E-1,2.935646973E2,4.699999809E0,4.699999809E0
1.863004771E2,3.205011885E1,1.187829800E2,2.214956546E1,9.952898026E-1,2.915699463E2,4.699999809E0,4.699999809E0
1.872933651E2,3.205012304E1,1.187829632E2,2.189057991E1,1.017614245E0,2.892268982E2,4.900000095E0,4.900000095E0
1.882959437E2,3.205013189E1,1.187829432E2,2.192840817E1,1.033939600E0,2.914660950E2,4.699999809E0,4.699999809E0
1.892893922E2,3.205014001E1,1.187829239E2,2.180203995E1,1.088612914E0,2.914990234E2,5.174009323E0,5.174009323E0
1.903014922E2,3.205015085E1,1.187829004E2,2.193380295E1,1.095876575E0,2.987723999E2,5.535776138E0,5.535776138E0
1.912928000E2,3.205015843E1,1.187828777E2,2.195476588E1,1.067962289E0,2.936609802E2,5.634836197E0,5.634836197E0
1.922957500E2,3.205016275E1,1.187828615E2,2.171467883E1,9.820200801E-1,2.765894775E2,5.235815048E0,5.235815048E0
1.932892229E2,3.205016978E1,1.187828435E2,2.101644177E1,9.731178284E-1,2.991195374E2,4.699999809E0,4.699999809E0
1.942949724E2,3.205017893E1,1.187828308E2,2.085570751E1,9.251735806E-1,3.006585083E2,4.699999809E0,4.699999809E0
1.952944880E2,3.205018777E1,1.187828200E2,2.057231434E1,8.517199755E-1,2.930053406E2,4.699999809E0,4.699999809E0
1.962955255E2,3.205019500E1,1.187828090E2,2.041517107E1,1.063531876E0,2.943939209E2,4.699999809E0,4.699999809E0
1.972951588E2,3.205019996E1,1.187827962E2,2.023648826E1,9.737218022E-1,2.924669495E2,4.699999809E0,4.699999809E0
1.982939916E2,3.205020670E1,1.187827838E2,2.012812140E1,9.614422917E-1,2.831411743E2,4.699999809E0,4.699999809E0
1.992901468E2,3.205020983E1,1.187827680E2,1.983537254E1,1.201440930E0,2.841289062E2,4.699999809E0,4.699999809E0
2.003025099E2,3.205021379E1,1.187827471E2,1.950084255E1,1.166935682E0,2.900402222E2,4.699999809E0,4.699999809E0
2.012934343E2,3.205022233E1,1.187827244E2,1.918805879E1,1.203160763E0,2.932829285E2,4.699999809E0,4.699999809E0
2.022916026E2,3.205023178E1,1.187827043E2,1.918758522E1,1.111874461E0,2.915820923E2,4.699999809E0,4.699999809E0
2.032975911E2,3.205024558E1,1.187826886E2,1.910297845E1,1.146703720E0,2.943422241E2,4.699999809E0,4.699999809E0
2.042955416E2,3.205025955E1,1.187826772E2,1.885340483E1,1.135788202E0,2.967330933E2,5.270028114E0,5.270028114E0
2.052886833E2,3.205027555E1,1.187826660E2,1.858927681E1,1.181005955E0,2.927602539E2,4.900000095E0,4.900000095E0
2.062880573E2,3.205028630E1,1.187826475E2,1.839357277E1,1.236304522E0,2.887941895E2,5.685851097E0,5.685851097E0
2.072916927E2,3.205029467E1,1.187826305E2,1.814356497E1,1.238819003E0,2.997678223E2,5.225137711E0,5.225137711E0
2.082959031E2,3.205030224E1,1.187826153E2,1.800780554E1,1.226533294E0,3.045824585E2,4.900000095E0,4.900000095E0
2.093023380E2,3.205031034E1,1.187825971E2,1.785913158E1,1.257083058E0,2.847632751E2,4.900000095E0,4.900000095E0
2.102974349E2,3.205031702E1,1.187825769E2,1.767048589E1,1.320814967E0,2.837996826E2,4.699999809E0,4.699999809E0
2.112921401E2,3.205032099E1,1.187825538E2,1.772974832E1,1.342181563E0,2.746148682E2,4.900000095E0,4.900000095E0
2.122937385E2,3.205032540E1,1.187825312E2,1.773610444E1,1.346298337E0,2.842851868E2,4.900000095E0,4.900000095E0
2.133041104E2,3.205033267E1,1.187825078E2,1.760339665E1,1.355394125E0,2.817088623E2,4.900000095E0,4.900000095E0
2.142932015E2,3.205034009E1,1.187824892E2,1.757727659E1,1.544519067E0,2.948159790E2,6.591650009E0,6.591650009E0
2.152931114E2,3.205034845E1,1.187824707E2,1.775086822E1,1.632369280E0,3.000153198E2,7.274925232E0,7.274925232E0
2.162957948E2,3.205035810E1,1.187824530E2,1.785570307E1,1.495701671E0,3.046889648E2,7.412017822E0,7.412017822E0
2.172903276E2,3.205036729E1,1.187824372E2,1.791028911E1,1.448369861E0,3.012688599E2,4.900000095E0,4.900000095E0
2.182961203E2,3.205037774E1,1.187824232E2,1.785738071E1,1.407853842E0,3.046416931E2,7.638761520E0,7.638761520E0
2.193017630E2,3.205038773E1,1.187824096E2,1.783301659E1,1.370227933E0,3.060137024E2,7.637068748E0,7.637068748E0
2.202953463E2,3.205039736E1,1.187823967E2,1.786601652E1,1.350148916E0,2.993728027E2,7.902923584E0,7.902923584E0
2.213009859E2,3.205040638E1,1.187823807E2,1.791758493E1,1.357236862E0,2.915628967E2,7.996139526E0,7.996139526E0
2.223039536E2,3.205041740E1,1.187823643E2,1.789351691E1,1.332387686E0,3.074366150E2,4.900000095E0,4.900000095E0
2.232919692E2,3.205043015E1,1.187823519E2,1.794715594E1,1.334908605E0,3.180989075E2,4.900000095E0,4.900000095E0
2.242935828E2,3.205044546E1,1.187823401E2,1.791073684E1,1.341770530E0,3.085354004E2,4.900000095E0,4.900000095E0
2.252972250E2,3.205045930E1,1.187823254E2,1.780520079E1,1.369380116E0,3.178304443E2,6.899066925E0,6.899066925E0
2.262898958E2,3.205047076E1,1.187823137E2,1.788189821E1,1.362829089E0,3.077643738E2,6.383415222E0,6.383415222E0
2.272912765E2,3.205048063E1,1.187822976E2,1.778452603E1,1.394239187E0,3.102959290E2,6.417278290E0,6.417278290E0
2.282922036E2,3.205049058E1,1.187822815E2,1.777751949E1,1.526942849E0,3.033258667E2,6.565456390E0,6.565456390E0
2.292919984E2,3.205049968E1,1.187822635E2,1.783351297E1,1.580741048E0,3.056396484E2,4.900000095E0,4.900000095E0
2.302957677E2,3.205050891E1,1.187822470E2,1.810070879E1,1.456342459E0,3.009629517E2,6.597308159E0,6.597308159E0
2.313018104E2,3.205051862E1,1.187822283E2,1.822130733E1,1.412228584E0,2.973984375E2,6.872453690E0,6.872453690E0
2.322962427E2,3.205052860E1,1.187822119E2,1.847021381E1,1.312259436E0,3.115941467E2,6.346002579E0,6.346002579E0
2.332912942E2,3.205054009E1,1.187822003E2,1.839776147E1,1.241103649E0,3.313748474E2,5.824460983E0,5.824460983E0
2.342938849E2,3.205055195E1,1.187821947E2,1.830365704E1,1.121415138E0,3.407027283E2,4.900000095E0,4.900000095E0
2.352981213E2,3.205056454E1,1.187821901E2,1.818439618E1,1.106251478E0,3.450677185E2,4.900000095E0,4.900000095E0
2.362958401E2,3.205057557E1,1.187821856E2,1.793470704E1,1.144631624E0,3.333147583E2,4.900000095E0,4.900000095E0
2.372945552E2,3.205058768E1,1.187821793E2,1.762225795E1,1.177797437E0,3.151930847E2,5.478284836E0,5.478284836E0
2.383000166E2,3.205060038E1,1.187821700E2,1.741180571E1,1.234095335E0,3.335006409E2,5.260389328E0,5.260389328E0
2.393066807E2,3.205061132E1,1.187821642E2,1.732149092E1,1.182860374E0,9.513813853E-1,5.793756485E0,5.793756485E0
2.402932703E2,3.205062390E1,1.187821668E2,1.718336125E1,1.421995878E0,3.332626724E1,5.092668533E0,5.092668533E0
2.413018276E2,3.205063636E1,1.187821716E2,1.739563367E1,1.581435680E0,2.484053421E1,4.699999809E0,4.699999809E0
2.422967213E2,3.205065039E1,1.187821719E2,1.798452301E1,1.398016453E0,2.007558250E1,4.699999809E0,4.699999809E0
2.433096911E2,3.205066260E1,1.187821694E2,1.835681562E1,1.335202456E0,1.281936741E1,4.699999809E0,4.699999809E0
2.443026536E2,3.205067772E1,1.187821651E2,1.875862348E1,1.321340322E0,2.972065449E0,4.699999809E0,4.699999809E0
2.453003406E2,3.205069139E1,1.187821584E2,1.900156527E1,1.307684183E0,3.505781555E2,4.699999809E0,4.699999809E0
2.463062375E2,3.205070529E1,1.187821513E2,1.903182698E1,1.344734788E0,3.400174866E2,4.699999809E0,4.699999809E0
2.472965557E2,3.205071888E1,1.187821425E2,1.875792216E1,1.273805022E0,3.346599121E2,4.699999809E0,4.699999809E0
2.482980948E2,3.205073175E1,1.187821322E2,1.849169299E1,1.244564414E0,3.310242615E2,4.699999809E0,4.699999809E0
2.492990588E2,3.205074311E1,1.187821220E2,1.832451231E1,1.210674047E0,3.303897705E2,4.699999809E0,4.699999809E0
2.502946494E2,3.205075402E1,1.187821139E2,1.804308477E1,1.157870770E0,3.279358521E2,4.699999809E0,4.699999809E0
2.512966156E2,3.205076382E1,1.187821091E2,1.783794629E1,1.151464581E0,3.497400513E2,4.900000095E0,4.900000095E0
2.522899885E2,3.205077816E1,1.187821082E2,1.755280678E1,1.186874747E0,2.395246696E1,4.699999809E0,4.699999809E0
2.533011385E2,3.205079077E1,1.187821124E2,1.738213088E1,1.237135768E0,6.933035851E0,4.699999809E0,4.699999809E0
2.542905291E2,3.205080662E1,1.187821143E2,1.726655951E1,1.271217465E0,1.048288345E1,4.699999809E0,4.699999809E0
2.552986171E2,3.205082347E1,1.187821116E2,1.731159426E1,1.327673197E0,3.406023560E2,5.004727364E0,5.004727364E0
2.562962015E2,3.205084022E1,1.187821061E2,1.727845183E1,1.319302082E0,3.526046143E2,6.222917557E0,6.222917557E0
2.573006171E2,3.205085636E1,1.187821000E2,1.721448295E1,1.547126174E0,3.574076233E2,7.286051750E0,7.286051750E0
2.582929770E2,3.205087400E1,1.187820981E2,1.710212737E1,1.666399956E0,3.589378357E2,8.224365234E0,8.224365234E0
2.592935953E2,3.205089262E1,1.187820966E2,1.710006942E1,1.555055141E0,3.503678894E2,8.420123100E0,8.420123100E0
2.603105385E2,3.205091009E1,1.187820952E2,1.688448059E1,1.476055980E0,3.523145142E2,8.413518906E0,8.413518906E0
2.612946640E2,3.205093175E1,1.187820946E2,1.662674904E1,1.439550400E0,3.544012451E2,7.716824532E0,7.716824532E0
2.623002625E2,3.205094980E1,1.187820875E2,1.672803694E1,1.425517082E0,3.575002136E2,7.148290634E0,7.148290634E0
2.632944114E2,3.205097019E1,1.187820855E2,1.661756520E1,1.422328472E0,2.507421494E0,6.440472603E0,6.440472603E0
2.643098765E2,3.205099142E1,1.187820842E2,1.628554651E1,1.394792318E0,3.523707886E2,5.820325851E0,5.820325851E0
2.652965395E2,3.205100657E1,1.187820784E2,1.620171099E1,1.318358779E0,3.454018860E2,5.866748810E0,5.866748810E0
2.662950968E2,3.205102791E1,1.187820734E2,1.592810186E1,1.355506659E0,3.395566406E2,6.296666145E0,6.296666145E0
2.672934552E2,3.205105690E1,1.187820725E2,1.609147063E1,1.350926042E0,3.431376648E2,6.723344803E0,6.723344803E0
2.682980083E2,3.205108358E1,1.187820711E2,1.598848539E1,1.384797692E0,3.464162598E2,6.824053764E0,6.824053764E0
2.692957328E2,3.205110144E1,1.187820677E2,1.585052071E1,1.311619759E0,3.557923889E2,7.288670540E0,7.288670540E0
2.703083453E2,3.205111886E1,1.187820641E2,1.555520010E1,1.486618519E0,3.445775757E2,7.622483253E0,7.622483253E0
2.713017078E2,3.205113979E1,1.187820542E2,1.545021405E1,1.680337787E0,2.993041039E0,7.349691391E0,7.349691391E0
2.723043323E2,3.205116139E1,1.187820521E2,1.524169621E1,1.485609889E0,8.856472015E0,7.367197037E0,7.367197037E0
2.733042484E2,3.205118299E1,1.187820527E2,1.497933761E1,1.462948799E0,9.210211635E-1,8.288777351E0,8.288777351E0
2.743080760E2,3.205119426E1,1.187820504E2,1.515821643E1,1.310872793E0,3.589651489E2,8.720960617E0,8.720960617E0
2.753043026E2,3.205120231E1,1.187820453E2,1.502356921E1,1.261426210E0,3.566829529E2,8.142831802E0,8.142831802E0
2.763098906E2,3.205121276E1,1.187820431E2,1.486662097E1,1.156240106E0,3.495429993E2,8.412356377E0,8.412356377E0
2.772990822E2,3.205121920E1,1.187820339E2,1.458605711E1,1.152817607E0,3.558916321E2,8.522489548E0,8.522489548E0
2.783140067E2,3.205122828E1,1.187820263E2,1.430856332E1,1.173920155E0,7.549929619E-1,8.240861893E0,8.240861893E0
2.793060869E2,3.205123887E1,1.187820229E2,1.390645952E1,1.489857793E0,3.360422058E2,8.411877632E0,8.411877632E0
2.802934947E2,3.205125222E1,1.187820240E2,1.345685593E1,1.624392033E0,3.597023621E2,8.681386948E0,8.681386948E0
2.813102343E2,3.205126856E1,1.187820212E2,1.318880760E1,1.563844442E0,3.570575562E2,8.850626945E0,8.850626945E0
2.823067557E2,3.205128526E1,1.187820153E2,1.300335482E1,1.579949021E0,3.576444702E2,8.638868332E0,8.638868332E0
2.833014010E2,3.205130153E1,1.187820126E2,1.281333365E1,1.541979551E0,9.453334808E0,7.837422371E0,7.837422371E0
2.843077114E2,3.205131874E1,1.187820155E2,1.246325766E1,1.494949579E0,1.120914364E1,7.040746689E0,7.040746689E0
2.853080463E2,3.205133796E1,1.187820191E2,1.215529126E1,1.457608342E0,4.721317768E0,6.679063797E0,6.679063797E0
2.862981510E2,3.205135610E1,1.187820241E2,1.185011098E1,1.430673242E0,9.575670242E0,5.996659279E0,5.996659279E0
2.873049140E2,3.205137242E1,1.187820269E2,1.143414629E1,1.375330567E0,6.900120735E0,5.539242744E0,5.539242744E0
2.883003703E2,3.205138373E1,1.187820272E2,1.147295365E1,1.304807544E0,1.031676579E1,5.633252144E0,5.633252144E0
2.893294776E2,3.205139575E1,1.187820279E2,1.146413497E1,1.344707251E0,1.622457886E1,5.396246910E0,5.396246910E0
2.903689354E2,3.205140520E1,1.187820249E2,1.161618951E1,1.342642546E0,5.990203381E0,5.017308235E0,5.017308235E0
2.913424484E2,3.205142060E1,1.187820180E2,1.175856195E1,1.336670160E0,5.378757954E0,4.699999809E0,4.699999809E0
2.923769453E2,3.205143329E1,1.187820143E2,1.180388108E1,1.330566525E0,1.226957893E1,5.210064888E0,5.210064888E0
2.933463849E2,3.205144494E1,1.187820111E2,1.171565486E1,1.286928415E0,8.469705582E0,5.285702705E0,5.285702705E0
2.943530203E2,3.205145778E1,1.187820087E2,1.144759214E1,1.284028769E0,3.229283571E0,5.509893417E0,5.509893417E0
2.953388630E2,3.205147489E1,1.187820059E2,1.103587699E1,1.350338459E0,1.069700718E0,5.787225723E0,5.787225723E0
2.963375234E2,3.205149365E1,1.187820032E2,1.078543645E1,1.397535563E0,5.556861877E0,5.647054672E0,5.647054672E0
2.973333963E2,3.205150993E1,1.187820022E2,1.053223142E1,1.386005282E0,7.810227871E-1,5.489267349E0,5.489267349E0
2.983376974E2,3.205152607E1,1.187820000E2,1.019861560E1,1.471520185E0,2.937750578E0,5.551023483E0,5.551023483E0
2.993735697E2,3.205154044E1,1.187819958E2,1.011592524E1,1.692329168E0,7.622823238E0,5.238431931E0,5.238431931E0
3.003578062E2,3.205155617E1,1.187819932E2,1.001171645E1,1.835407615E0,7.528546333E0,5.438817978E0,5.438817978E0
3.013474875E2,3.205157191E1,1.187819891E2,9.970015046E0,1.656356812E0,3.593020630E2,5.656956673E0,5.656956673E0
3.023318151E2,3.205158724E1,1.187819868E2,9.798622544E0,1.577903390E0,3.564119568E2,5.688869476E0,5.688869476E0
3.033468661E2,3.205160176E1,1.187819835E2,9.525390228E0,1.471465230E0,3.523323059E2,5.221516609E0,5.221516609E0
3.043288593E2,3.205161664E1,1.187819757E2,9.330232306E0,1.437780142E0,3.295825500E2,4.699999809E0,4.699999809E0
3.053465708E2,3.205162605E1,1.187819693E2,9.292966951E0,1.280329704E0,3.393094788E2,4.699999809E0,4.699999809E0
3.063453286E2,3.205163740E1,1.187819619E2,8.824085115E0,1.240145445E0,3.519602661E2,4.699999809E0,4.699999809E0
3.073481911E2,3.205164985E1,1.187819578E2,8.498067786E0,1.253462791E0,3.812431574E0,4.699999809E0,4.699999809E0
3.083516364E2,3.205166375E1,1.187819583E2,7.996198929E0,1.275400877E0,9.051799029E-2,4.699999809E0,4.699999809E0
3.093282432E2,3.205167675E1,1.187819591E2,7.700191164E0,1.276246190E0,1.062494373E1,4.699999809E0,4.699999809E0
3.103535770E2,3.205169018E1,1.187819600E2,7.440595393E0,1.276002288E0,1.186087132E0,4.699999809E0,4.699999809E0
3.113349953E2,3.205170498E1,1.187819597E2,7.017143088E0,1.312613606E0,9.711912155E0,4.699999809E0,4.699999809E0
3.123698994E2,3.205172128E1,1.187819621E2,6.836853715E0,1.286376357E0,8.387086868E0,5.024682999E0,5.024682999E0
3.134006557E2,3.205174010E1,1.187819613E2,7.016884665E0,1.172389269E0,8.853008270E0,5.589723587E0,5.589723587E0
3.143392473E2,3.205176047E1,1.187819609E2,7.503062617E0,1.122703910E0,3.905820608E0,5.537570000E0,5.537570000E0
3.153299838E2,3.205178112E1,1.187819597E2,7.778578158E0,1.155508161E0,3.532530212E2,5.097904205E0,5.097904205E0
3.163371276E2,3.205179872E1,1.187819567E2,7.916479950E0,1.146794200E0,3.584407959E2,4.699999809E0,4.699999809E0
3.173479458E2,3.205181348E1,1.187819552E2,8.257083022E0,1.065623522E0,3.779906034E0,4.699999809E0,4.699999809E0
3.183501697E2,3.205182700E1,1.187819553E2,8.385239772E0,1.132123828E0,2.800484419E0,4.699999809E0,4.699999809E0
3.193537171E2,3.205183904E1,1.187819534E2,8.182993285E0,1.172615290E0,3.554966736E2,4.699999809E0,4.699999809E0
3.203431380E2,3.205185016E1,1.187819539E2,8.106744516E0,1.226926923E0,1.585680604E0,4.699999809E0,4.699999809E0
3.213405338E2,3.205186240E1,1.187819544E2,8.046293231E0,1.024953723E0,6.754895449E-1,4.699999809E0,4.699999809E0
3.223510510E2,3.205187253E1,1.187819544E2,7.883118023E0,1.092662096E0,3.404725037E2,4.699999809E0,4.699999809E0
3.233480937E2,3.205187950E1,1.187819562E2,7.617218299E0,1.129620671E0,3.393487854E2,4.699999809E0,4.699999809E0
3.243375067E2,3.205188791E1,1.187819580E2,7.356217385E0,1.211356640E0,3.424564819E2,4.900000095E0,4.900000095E0
3.253573723E2,3.205189692E1,1.187819589E2,7.383593769E0,1.561986923E0,3.544928894E2,4.900000095E0,4.900000095E0
3.263363432E2,3.205190474E1,1.187819591E2,7.419313415E0,1.392024040E0,3.424684143E2,4.900000095E0,4.900000095E0
3.273521864E2,3.205191425E1,1.187819569E2,7.325823976E0,1.314985991E0,3.375350952E2,4.699999809E0,4.699999809E0
3.283012531E2,3.205192293E1,1.187819514E2,7.315168653E0,1.258750439E0,3.316440430E2,4.699999809E0,4.699999809E0
3.292921947E2,3.205193087E1,1.187819476E2,7.226251509E0,1.050775886E0,3.330907593E2,4.699999809E0,4.699999809E0
3.302957854E2,3.205194009E1,1.187819461E2,7.330891302E0,9.388661981E-1,3.306510315E2,4.699999809E0,4.699999809E0
3.312936541E2,3.205194969E1,1.187819446E2,7.358094500E0,1.081615090E0,3.436708679E2,4.699999809E0,4.699999809E0
3.322903484E2,3.205195673E1,1.187819415E2,7.464786774E0,1.289644122E0,3.168314209E2,4.699999809E0,4.699999809E0
3.332922583E2,3.205196643E1,1.187819314E2,7.273257050E0,1.460715055E0,2.986669922E2,4.699999809E0,4.699999809E0
3.343484390E2,3.205197930E1,1.187819185E2,6.765563083E0,1.382032633E0,2.989514465E2,4.699999809E0,4.699999809E0
3.353245281E2,3.205198834E1,1.187819036E2,6.336651982E0,1.298737288E0,2.903327332E2,4.699999809E0,4.699999809E0
3.363214489E2,3.205199578E1,1.187818933E2,6.023510629E0,1.220755458E0,2.903495483E2,4.900000095E0,4.900000095E0
3.373341395E2,3.205199962E1,1.187818822E2,5.615167765E0,1.149741530E0,2.989801025E2,4.900000095E0,4.900000095E0
3.383369140E2,3.205200651E1,1.187818725E2,5.167184669E0,1.124526620E0,2.861668701E2,4.699999809E0,4.699999809E0
3.393222604E2,3.205200593E1,1.187818582E2,5.441010274E0,8.374623060E-1,2.862669067E2,4.900000095E0,4.900000095E0
3.403127552E2,3.205200421E1,1.187818485E2,5.763188675E0,6.301641464E-1,3.495855103E2,4.900000095E0,4.900000095E0
3.413719593E2,3.205200655E1,1.187818454E2,5.590312517E0,1.073272705E0,6.100825500E1,4.900000095E0,4.900000095E0
3.423137734E2,3.205201002E1,1.187818528E2,5.631841267E0,1.162755847E0,6.376847076E1,4.900000095E0,4.900000095E0
3.433239749E2,3.205201183E1,1.187818642E2,5.712591428E0,9.004821181E-1,6.536690521E1,4.699999809E0,4.699999809E0
3.443232661E2,3.205201050E1,1.187818738E2,6.004469006E0,7.247242928E-1,7.028871918E1,4.699999809E0,4.699999809E0
3.453382182E2,3.205200772E1,1.187818838E2,6.124706732E0,8.121231794E-1,7.754592896E1,4.699999809E0,4.699999809E0
3.463449260E2,3.205200725E1,1.187818942E2,6.597500223E0,8.916503191E-1,8.338094330E1,4.699999809E0,4.699999809E0
3.473327354E2,3.205200154E1,1.187819013E2,7.427969360E0,9.705033302E-1,8.937576294E1,4.900000095E0,4.900000095E0
3.483396557E2,3.205199647E1,1.187819006E2,8.116111844E0,1.059363604E0,1.077870636E2,4.900000095E0,4.900000095E0
3.493532302E2,3.205199017E1,1.187818973E2,8.164114512E0,1.206781507E0,1.346916656E2,4.699999809E0,4.699999809E0
3.503336401E2,3.205199017E1,1.187818973E2,8.167171947E0,1.545611024E0,1.393960266E2,4.900000095E0,4.900000095E0
3.513346744E2,3.205198412E1,1.187818974E2,8.389027125E0,1.514914274E0,5.922660828E1,4.900000095E0,4.900000095E0
3.523435572E2,3.205198412E1,1.187818974E2,8.460515992E0,1.259675860E0,6.631896973E1,4.900000095E0,4.900000095E0
3.533380864E2,3.205198567E1,1.187818935E2,8.523462896E0,1.063288450E0,2.607205963E1,4.699999809E0,4.699999809E0
3.543357776E2,3.205198714E1,1.187818897E2,8.514018461E0,1.117830753E0,2.998264885E1,4.699999809E0,4.699999809E0
3.553559619E2,3.205198700E1,1.187818900E2,8.527220890E0,1.146811724E0,4.658092499E1,4.699999809E0,4.699999809E0
3.563293015E2,3.205198620E1,1.187818921E2,8.274130766E0,1.257558703E0,6.350997162E1,4.699999809E0,4.699999809E0
3.573261208E2,3.205198383E1,1.187818982E2,8.212738386E0,1.325581551E0,4.543210983E1,4.900000095E0,4.900000095E0
3.583300885E2,3.205198193E1,1.187819031E2,8.268309406E0,1.378623486E0,3.803528595E1,4.900000095E0,4.900000095E0
3.593371354E2,3.205198245E1,1.187819024E2,8.389964348E0,1.428611279E0,2.854428673E1,4.900000095E0,4.900000095E0
3.603536744E2,3.205199053E1,1.187818977E2,8.311407134E0,1.185040593E0,2.596959305E1,4.699999809E0,4.699999809E0
3.613281010E2,3.205199053E1,1.187818977E2,8.390896973E0,9.927758574E-1,4.312660694E0,4.900000095E0,4.900000095E0
3.623290427E2,3.205199952E1,1.187818969E2,8.243175077E0,1.079462171E0,2.397116852E1,4.699999809E0,4.699999809E0
3.633288338E2,3.205202928E1,1.187818925E2,7.715581717E0,1.205852628E0,3.167872810E1,4.699999809E0,4.699999809E0
3.643296546E2,3.205205255E1,1.187818976E2,7.506551064E0,1.277655363E0,3.452352905E1,4.699999809E0,4.699999809E0
3.653658421E2,3.205207192E1,1.187819081E2,7.275734453E0,1.262425423E0,2.158304024E1,4.699999809E0,4.699999809E0
3.663547953E2,3.205209188E1,1.187819140E2,7.208990784E0,1.267079592E0,1.611766624E1,4.699999809E0,4.699999809E0
3.673336385E2,3.205210996E1,1.187819184E2,7.118025694E0,1.276942968E0,1.157684040E1,4.699999809E0,4.699999809E0
3.683547479E2,3.205212375E1,1.187819208E2,7.019796660E0,1.292011738E0,7.815550804E0,4.699999809E0,4.699999809E0
3.693368739E2,3.205213799E1,1.187819226E2,6.894397166E0,1.277960062E0,1.390037537E1,4.699999809E0,4.699999809E0
3.703336348E2,3.205215399E1,1.187819277E2,6.583734484E0,1.211177707E0,1.009427261E1,4.900000095E0,4.900000095E0
3.713335630E2,3.205217123E1,1.187819269E2,6.307482414E0,1.229239583E0,2.050261199E-1,4.699999809E0,4.699999809E0
3.723232458E2,3.205218449E1,1.187819239E2,6.071513441E0,1.216107965E0,3.595755615E2,4.699999809E0,4.699999809E0
3.733336015E2,3.205219854E1,1.187819171E2,5.841372291E0,1.258204937E0,3.542704468E2,4.699999809E0,4.699999809E0
3.743221473E2,3.205221295E1,1.187819123E2,5.736901858E0,1.235608935E0,3.508170471E2,4.699999809E0,4.699999809E0
3.753374291E2,3.205222245E1,1.187819036E2,5.463654496E0,1.095408320E0,3.438639221E2,4.900000095E0,4.900000095E0
3.763259177E2,3.205223345E1,1.187818929E2,5.173527317E0,1.126683831E0,3.324689331E2,4.699999809E0,4.699999809E0
3.773345874E2,3.205224564E1,1.187818783E2,5.167440254E0,1.161719441E0,3.138705139E2,4.699999809E0,4.699999809E0
3.783253338E2,3.205225297E1,1.187818697E2,5.029632176E0,1.052659035E0,2.916658325E2,4.699999809E0,4.699999809E0
3.793277088E2,3.205225506E1,1.187818551E2,4.925269250E0,1.016873717E0,2.827926636E2,4.699999809E0,4.699999809E0
3.803222385E2,3.205225653E1,1.187818373E2,4.528283930E0,1.069008112E0,2.768549805E2,4.699999809E0,4.699999809E0
3.813150197E2,3.205225569E1,1.187818196E2,4.306918707E0,1.317682981E0,2.663807678E2,4.699999809E0,4.699999809E0
3.823342281E2,3.205225240E1,1.187818016E2,4.180111599E0,1.438948870E0,2.754883423E2,4.699999809E0,4.699999809E0
3.833420057E2,3.205225084E1,1.187817851E2,4.065438391E0,1.243824005E0,2.843301392E2,4.699999809E0,4.699999809E0
3.843258426E2,3.205225337E1,1.187817691E2,3.686988474E0,1.233208537E0,2.874317627E2,4.699999809E0,4.699999809E0
3.853352916E2,3.205225400E1,1.187817539E2,3.428823548E0,1.138829470E0,2.850536499E2,4.699999809E0,4.699999809E0
3.863404578E2,3.205225396E1,1.187817396E2,3.094481238E0,1.127796054E0,2.892698059E2,4.699999809E0,4.699999809E0
3.873413963E2,3.205225655E1,1.187817267E2,3.025419753E0,9.382215738E-1,2.888730469E2,4.699999809E0,4.699999809E0
3.883441536E2,3.205225976E1,1.187817142E2,2.662694872E0,1.037476778E0,2.803172913E2,4.699999809E0,4.699999809E0
3.893361583E2,3.205225995E1,1.187817030E2,2.724445938E0,1.124258041E0,2.769039001E2,4.699999809E0,4.699999809E0
3.903620744E2,3.205226135E1,1.187816889E2,2.604500898E0,1.192493677E0,2.494326935E2,4.699999809E0,4.699999809E0
3.913444458E2,3.205226014E1,1.187816767E2,2.619596555E0,1.379363894E0,2.469585266E2,4.699999809E0,4.699999809E0
3.923494619E2,3.205225747E1,1.187816654E2,2.785789778E0,1.242421269E0,2.511200562E2,4.699999809E0,4.699999809E0
3.933520567E2,3.205225677E1,1.187816504E2,3.169235301E0,1.219824076E0,2.493744507E2,4.699999809E0,4.699999809E0
3.943418953E2,3.205226044E1,1.187816379E2,3.605700951E0,1.190090418E0,2.487902527E2,4.699999809E0,4.699999809E0
3.953510479E2,3.205226276E1,1.187816255E2,3.852674457E0,1.161365509E0,2.470448761E2,5.075635910E0,5.075635910E0
3.963465187E2,3.205226743E1,1.187816104E2,4.493789425E0,1.153366446E0,2.508943024E2,5.942004204E0,5.942004204E0
3.973483968E2,3.205227097E1,1.187815947E2,4.603181964E0,1.161807179E0,2.614590149E2,6.680152893E0,6.680152893E0
3.983419562E2,3.205227650E1,1.187815793E2,4.657360101E0,1.126019835E0,2.674097595E2,6.839788437E0,6.839788437E0
3.993494921E2,3.205228438E1,1.187815635E2,4.991939308E0,1.161273599E0,2.716677856E2,6.593765259E0,6.593765259E0
4.003729234E2,3.205228890E1,1.187815482E2,4.960280341E0,1.138723731E0,2.828817749E2,6.538305283E0,6.538305283E0
4.013504697E2,3.205229309E1,1.187815361E2,4.832757526E0,1.192100763E0,2.850217285E2,6.294965744E0,6.294965744E0
4.023832953E2,3.205228996E1,1.187815255E2,4.845400369E0,1.228946328E0,2.765683289E2,5.939765930E0,5.939765930E0
4.033821338E2,3.205228665E1,1.187815115E2,4.713969994E0,1.202942729E0,2.688253174E2,6.260278702E0,6.260278702E0
4.043618562E2,3.205228530E1,1.187814943E2,4.596640954E0,1.193184614E0,2.684332886E2,5.841615677E0,5.841615677E0
4.053739859E2,3.205228294E1,1.187814754E2,4.322525245E0,9.735578299E-1,2.685480652E2,5.147413254E0,5.147413254E0
4.063531093E2,3.205228264E1,1.187814635E2,4.316675652E0,8.049555421E-1,2.641835632E2,4.900000095E0,4.900000095E0
4.073649781E2,3.205228359E1,1.187814527E2,4.351542522E0,9.475859404E-1,2.687597656E2,4.699999809E0,4.699999809E0
4.083652031E2,3.205228456E1,1.187814362E2,4.501562518E0,1.042464137E0,2.603062744E2,4.699999809E0,4.699999809E0
4.093572843E2,3.205228455E1,1.187814164E2,4.731806539E0,1.081935406E0,2.651118469E2,4.699999809E0,4.699999809E0
4.103533645E2,3.205228884E1,1.187813964E2,5.035766814E0,1.080727458E0,2.755823059E2,4.699999809E0,4.699999809E0
4.113734380E2,3.205229471E1,1.187813791E2,5.555053118E0,1.159709215E0,2.844367065E2,4.699999809E0,4.699999809E0
4.123268468E2,3.205230127E1,1.187813667E2,5.943633140E0,1.208619475E0,2.869462585E2,4.699999809E0,4.699999809E0
4.133365932E2,3.205231135E1,1.187813550E2,6.373291159E0,1.245061755E0,2.884836731E2,4.699999809E0,4.699999809E0
4.143422150E2,3.205231594E1,1.187813433E2,6.477691903E0,1.228549600E0,2.820503235E2,4.699999809E0,4.699999809E0
4.153334062E2,3.205231986E1,1.187813296E2,6.623950499E0,1.210589886E0,2.748773804E2,4.699999809E0,4.699999809E0
4.163681218E2,3.205232759E1,1.187813147E2,7.020067342E0,1.179156184E0,2.742678833E2,4.699999809E0,4.699999809E0
4.173908765E2,3.205233059E1,1.187812989E2,7.303510364E0,1.140706658E0,2.816555176E2,4.699999809E0,4.699999809E0
4.183658630E2,3.205233237E1,1.187812830E2,7.620767980E0,1.152809978E0,2.889625854E2,4.699999809E0,4.699999809E0
4.193599916E2,3.205233501E1,1.187812651E2,7.930586394E0,1.201666713E0,2.810881653E2,4.699999809E0,4.699999809E0
4.203571458E2,3.205233814E1,1.187812508E2,8.531173989E0,1.132799625E0,2.745130005E2,4.699999809E0,4.699999809E0
4.213220176E2,3.205234337E1,1.187812355E2,8.619706756E0,1.094514608E0,2.686790771E2,4.699999809E0,4.699999809E0
4.223304057E2,3.205234614E1,1.187812194E2,8.641680639E0,1.063754678E0,2.757283936E2,4.699999809E0,4.699999809E0
4.233337729E2,3.205235040E1,1.187812032E2,8.608555575E0,1.072008252E0,2.829130249E2,4.699999809E0,4.699999809E0
4.243722520E2,3.205235462E1,1.187811910E2,8.444808154E0,1.043694019E0,2.816798401E2,4.699999809E0,4.699999809E0
4.253831984E2,3.205235214E1,1.187811809E2,8.694564992E0,9.929965734E-1,2.789930725E2,4.699999809E0,4.699999809E0
4.263279557E2,3.205235062E1,1.187811654E2,8.935262384E0,1.041249156E0,2.767946777E2,4.699999809E0,4.699999809E0
4.273657135E2,3.205234732E1,1.187811513E2,8.974683912E0,1.008890510E0,2.690349121E2,4.699999809E0,4.699999809E0
4.283451661E2,3.205234472E1,1.187811366E2,8.846222177E0,8.128145933E-1,2.682065430E2,4.699999809E0,4.699999809E0
4.293423770E2,3.205234141E1,1.187811197E2,8.640547091E0,7.440332770E-1,2.628053284E2,4.699999809E0,4.699999809E0
4.303674395E2,3.205233794E1,1.187811012E2,8.428108150E0,9.278274179E-1,2.584895630E2,4.699999809E0,4.699999809E0
4.313570296E2,3.205233448E1,1.187810807E2,8.287761676E0,1.016408801E0,2.457355347E2,4.699999809E0,4.699999809E0
4.323852984E2,3.205232959E1,1.187810607E2,8.273808419E0,1.047993422E0,2.271099854E2,4.699999809E0,4.699999809E0
4.333538702E2,3.205232172E1,1.187810461E2,8.347820246E0,1.056155920E0,2.221687012E2,4.699999809E0,4.699999809E0
4.343492432E2,3.205231296E1,1.187810309E2,9.045074068E0,1.077418327E0,2.087252350E2,4.699999809E0,4.699999809E0
4.353476874E2,3.205230613E1,1.187810196E2,9.710546162E0,1.097378612E0,1.975950317E2,4.699999809E0,4.699999809E0
4.363718775E2,3.205230072E1,1.187810116E2,9.909410017E0,1.035049558E0,2.372525635E2,4.699999809E0,4.699999809E0
4.373952708E2,3.205229768E1,1.187810022E2,1.006636396E1,1.007397890E0,2.744051514E2,4.699999809E0,4.699999809E0
4.383715843E2,3.205229986E1,1.187809891E2,9.821915820E0,1.021146774E0,2.858551331E2,4.699999809E0,4.699999809E0
4.393753077E2,3.205230199E1,1.187809747E2,9.552602170E0,1.100121737E0,2.790173035E2,4.699999809E0,4.699999809E0
4.403441999E2,3.205230236E1,1.187809625E2,9.424019727E0,1.118706465E0,2.729739075E2,4.699999809E0,4.699999809E0
4.412896661E2,3.205230044E1,1.187809505E2,9.384628598E0,1.512585878E0,2.466434631E2,4.699999809E0,4.699999809E0
4.422990619E2,3.205229853E1,1.187809361E2,9.055624297E0,1.734932899E0,2.511487122E2,4.699999809E0,4.699999809E0
4.432917312E2,3.205229780E1,1.187809182E2,8.779013966E0,1.567676306E0,2.658567505E2,4.699999809E0,4.699999809E0
4.443437650E2,3.205230020E1,1.187809024E2,8.798575097E0,1.398645401E0,2.912575073E2,4.699999809E0,4.699999809E0
4.453421322E2,3.205230676E1,1.187808880E2,8.836687482E0,1.297032595E0,3.061387024E2,4.699999809E0,4.699999809E0
4.463372166E2,3.205231223E1,1.187808771E2,8.959738570E0,1.219448209E0,3.077605591E2,4.699999809E0,4.699999809E0
4.473412275E2,3.205231617E1,1.187808648E2,9.181705624E0,1.236029029E0,2.838767395E2,4.699999809E0,4.699999809E0
4.483431869E2,3.205232115E1,1.187808499E2,9.183518252E0,1.189673185E0,2.796972961E2,4.699999809E0,4.699999809E0
4.493509525E2,3.205232369E1,1.187808360E2,9.158914014E0,1.205553174E0,2.797086487E2,4.699999809E0,4.699999809E0
4.503433223E2,3.205232640E1,1.187808242E2,9.095264029E0,1.224743724E0,2.875665283E2,4.699999809E0,4.699999809E0
4.513525416E2,3.205233291E1,1.187808124E2,9.409208442E0,1.185035229E0,2.876002197E2,4.699999809E0,4.699999809E0
4.523227781E2,3.205233930E1,1.187807984E2,9.710871017E0,1.173841834E0,2.881115417E2,4.699999809E0,4.699999809E0
4.533431760E2,3.205234434E1,1.187807830E2,9.921967481E0,1.167665362E0,2.913156738E2,4.699999809E0,4.699999809E0
4.543694801E2,3.205235131E1,1.187807671E2,1.007007469E1,1.183079720E0,2.899342651E2,4.699999809E0,4.699999809E0
4.553755744E2,3.205235560E1,1.187807508E2,9.882191805E0,1.240403295E0,2.873125610E2,4.699999809E0,4.699999809E0
4.563782645E2,3.205235565E1,1.187807353E2,1.039266437E1,1.251327634E0,2.851523743E2,4.699999809E0,4.699999809E0
4.573604739E2,3.205235371E1,1.187807205E2,1.078063248E1,1.207191110E0,2.931778564E2,4.699999809E0,4.699999809E0
4.583633343E2,3.205235092E1,1.187807063E2,1.112821367E1,1.133555770E0,2.881576538E2,4.699999809E0,4.699999809E0
4.593569265E2,3.205234671E1,1.187806931E2,1.152520800E1,1.102720261E0,2.875014343E2,4.699999809E0,4.699999809E0
4.603667484E2,3.205234424E1,1.187806807E2,1.198812775E1,1.097832561E0,2.890789795E2,4.699999809E0,4.699999809E0
4.613633807E2,3.205234211E1,1.187806674E2,1.245486220E1,1.084169388E0,2.871017456E2,4.699999809E0,4.699999809E0
4.623850171E2,3.205233871E1,1.187806543E2,1.276472337E1,1.103877306E0,2.898647461E2,4.699999809E0,4.699999809E0
4.633673911E2,3.205233908E1,1.187806423E2,1.297206538E1,1.105890393E0,2.969064026E2,4.699999809E0,4.699999809E0
4.643703458E2,3.205234319E1,1.187806276E2,1.322970792E1,1.257424474E0,3.179994202E2,4.699999809E0,4.699999809E0
4.653561864E2,3.205235175E1,1.187806126E2,1.298613095E1,1.323753953E0,3.257357788E2,4.699999809E0,4.699999809E0
4.663413265E2,3.205236097E1,1.187805988E2,1.292366038E1,1.310158134E0,3.186322327E2,4.699999809E0,4.699999809E0
4.673797406E2,3.205236595E1,1.187805855E2,1.336461021E1,1.274617195E0,3.188367615E2,4.699999809E0,4.699999809E0
4.683763807E2,3.205237179E1,1.187805693E2,1.354691185E1,1.246211052E0,3.196585083E2,4.699999809E0,4.699999809E0
4.693730239E2,3.205237681E1,1.187805508E2,1.386944224E1,1.220388889E0,3.134118652E2,4.699999809E0,4.699999809E0
4.703796525E2,3.205238060E1,1.187805333E2,1.409769468E1,1.204169035E0,2.994927979E2,4.699999809E0,4.699999809E0
4.713818713E2,3.205238272E1,1.187805159E2,1.438594858E1,1.194261909E0,2.945654907E2,4.699999809E0,4.699999809E0
4.723712775E2,3.205238396E1,1.187804971E2,1.444483093E1,1.192272902E0,2.897955322E2,4.699999809E0,4.699999809E0
4.733580624E2,3.205238563E1,1.187804765E2,1.422941976E1,1.223109603E0,2.779458923E2,4.699999809E0,4.699999809E0
4.743595593E2,3.205238780E1,1.187804575E2,1.397754899E1,1.272203803E0,2.828201904E2,4.699999809E0,4.699999809E0
4.753571520E2,3.205238983E1,1.187804387E2,1.368160572E1,1.254205585E0,2.716965942E2,4.699999809E0,4.699999809E0
4.763450041E2,3.205239178E1,1.187804186E2,1.339524133E1,1.250948906E0,2.770385742E2,4.699999809E0,4.699999809E0
4.773404895E2,3.205239334E1,1.187804015E2,1.324240535E1,1.224516153E0,2.817796326E2,4.900000095E0,4.900000095E0
4.783563291E2,3.205239658E1,1.187803832E2,1.312573906E1,1.251903892E0,2.912524109E2,4.699999809E0,4.699999809E0
4.793459473E2,3.205240049E1,1.187803663E2,1.301612558E1,1.272593856E0,2.929974670E2,4.699999809E0,4.699999809E0
4.803460536E2,3.205240485E1,1.187803514E2,1.294049411E1,1.240004301E0,2.877701721E2,4.699999809E0,4.699999809E0
4.813473890E2,3.205240734E1,1.187803365E2,1.276640673E1,1.518816710E0,2.849438477E2,4.900000095E0,4.900000095E0
4.823329838E2,3.205240821E1,1.187803181E2,1.285179362E1,1.720232487E0,2.782483215E2,4.699999809E0,4.699999809E0
4.833658822E2,3.205240729E1,1.187802981E2,1.285990012E1,1.291430354E0,2.763851929E2,4.699999809E0,4.699999809E0
4.843405098E2,3.205240586E1,1.187802823E2,1.296963158E1,1.024614334E0,2.754566650E2,4.699999809E0,4.699999809E0
4.853811234E2,3.205240535E1,1.187802690E2,1.279965325E1,1.122561693E0,2.737822876E2,4.699999809E0,4.699999809E0
4.863738031E2,3.205240525E1,1.187802565E2,1.292310693E1,1.100896716E0,2.716397095E2,4.699999809E0,4.699999809E0
4.873855395E2,3.205240475E1,1.187802424E2,1.319177352E1,9.659489393E-1,2.701243896E2,4.699999809E0,4.699999809E0
4.883571645E2,3.205240702E1,1.187802285E2,1.363613731E1,8.530580401E-1,2.491903992E2,4.699999809E0,4.699999809E0
4.893892619E2,3.205240672E1,1.187802148E2,1.395595967E1,1.001159430E0,2.490698547E2,4.699999809E0,4.699999809E0
4.904139577E2,3.205240236E1,1.187802017E2,1.409713350E1,1.096493006E0,2.493186646E2,4.699999809E0,4.699999809E0
4.913986223E2,3.205239761E1,1.187801954E2,1.455513044E1,1.150983453E0,2.500729065E2,4.699999809E0,4.699999809E0
4.923912900E2,3.205239066E1,1.187801897E2,1.481551465E1,1.232176065E0,2.516510010E2,4.699999809E0,4.699999809E0
4.933748156E2,3.205238984E1,1.187801825E2,1.481341040E1,1.290421247E0,2.619216309E2,4.699999809E0,4.699999809E0
4.943716385E2,3.205238945E1,1.187801758E2,1.483314547E1,1.335377455E0,2.690057373E2,4.699999809E0,4.699999809E0
4.953619635E2,3.205238462E1,1.187801600E2,1.521533233E1,1.369457841E0,2.764358826E2,4.699999809E0,4.699999809E0
4.963801864E2,3.205237983E1,1.187801418E2,1.539108712E1,1.402927160E0,2.721806946E2,4.699999809E0,4.699999809E0
4.973730791E2,3.205237338E1,1.187801238E2,1.558701053E1,1.419416070E0,2.630587769E2,6.072946548E0,6.072946548E0
4.983708609E2,3.205236684E1,1.187801056E2,1.589597729E1,1.422179341E0,2.615977783E2,5.841844559E0,5.841844559E0
4.993767249E2,3.205236551E1,1.187800831E2,1.633684239E1,1.427494526E0,2.652355957E2,5.763079643E0,5.763079643E0
5.003602791E2,3.205236267E1,1.187800587E2,1.683422871E1,1.428392768E0,2.736155090E2,5.617955208E0,5.617955208E0
5.013433265E2,3.205237943E1,1.187800261E2,1.718962359E1,1.432583094E0,2.711475220E2,5.377649307E0,5.377649307E0
5.023592775E2,3.205238588E1,1.187800006E2,1.758408933E1,1.368113160E0,2.778208618E2,5.446399689E0,5.446399689E0
5.033739682E2,3.205239114E1,1.187799804E2,1.792290750E1,1.320898533E0,2.733304138E2,5.271128654E0,5.271128654E0
5.043404765E2,3.205240153E1,1.187799636E2,1.823233425E1,1.298187852E0,2.744463501E2,4.699999809E0,4.699999809E0
5.053240447E2,3.205241596E1,1.187799389E2,1.883864937E1,1.284611464E0,2.832051392E2,4.699999809E0,4.699999809E0
5.063025333E2,3.205242612E1,1.187799193E2,1.908351389E1,1.244426727E0,2.859221802E2,4.699999809E0,4.699999809E0
5.073487635E2,3.205242854E1,1.187799020E2,1.970257229E1,1.234026551E0,2.887903137E2,4.699999809E0,4.699999809E0
5.083587145E2,3.205242933E1,1.187798852E2,2.031826538E1,1.240135908E0,2.925547180E2,4.699999809E0,4.699999809E0
5.093405145E2,3.205243625E1,1.187798741E2,2.031983587E1,1.230657458E0,2.841299438E2,4.699999809E0,4.699999809E0
5.103445905E2,3.205243840E1,1.187798614E2,2.059625498E1,1.201370597E0,2.832658691E2,4.699999809E0,4.699999809E0
5.113491666E2,3.205244625E1,1.187798463E2,2.071102232E1,1.215839982E0,2.865806580E2,4.900000095E0,4.900000095E0
5.123376994E2,3.205245287E1,1.187798301E2,2.063009867E1,1.252640963E0,2.874812317E2,4.699999809E0,4.699999809E0
5.133411124E2,3.205245865E1,1.187798130E2,2.060806320E1,1.266116142E0,2.917497559E2,4.699999809E0,4.699999809E0
5.143469770E2,3.205246766E1,1.187797950E2,2.087887206E1,1.293472886E0,2.908816223E2,4.900000095E0,4.900000095E0
5.153333213E2,3.205247306E1,1.187797782E2,2.099917271E1,1.294074178E0,2.888562622E2,4.699999809E0,4.699999809E0
5.163566067E2,3.205247977E1,1.187797605E2,2.101268692E1,1.333576202E0,2.841741943E2,4.699999809E0,4.699999809E0
5.173725395E2,3.205248115E1,1.187797457E2,2.091587427E1,1.382096410E0,2.826801453E2,4.900000095E0,4.900000095E0
5.183134098E2,3.205248498E1,1.187797315E2,2.061831669E1,1.419733167E0,2.844386597E2,4.699999809E0,4.699999809E0
5.193424796E2,3.205248768E1,1.187797152E2,2.055438412E1,1.415194631E0,2.854549866E2,4.699999809E0,4.699999809E0
5.203185921E2,3.205249086E1,1.187796942E2,2.034193768E1,1.738917351E0,2.750889587E2,5.429394722E0,5.429394722E0
5.213299796E2,3.205249182E1,1.187796692E2,2.003589502E1,1.937243700E0,2.794257202E2,4.900000095E0,4.900000095E0
5.223412301E2,3.205249155E1,1.187796479E2,1.991091442E1,1.696819305E0,2.799412842E2,6.670604706E0,6.670604706E0
5.233624291E2,3.205249207E1,1.187796253E2,1.979266870E1,1.561082721E0,2.743112793E2,7.326017380E0,7.326017380E0
5.243607083E2,3.205248419E1,1.187796011E2,2.034503313E1,1.499009252E0,2.761846008E2,7.512965202E0,7.512965202E0
5.253678905E2,3.205247926E1,1.187795774E2,2.068043160E1,1.403461337E0,2.765629883E2,6.473628998E0,6.473628998E0
5.263560572E2,3.205247548E1,1.187795576E2,2.090550855E1,1.035861611E0,2.763693237E2,4.900000095E0,4.900000095E0
5.273351968E2,3.205247586E1,1.187795414E2,2.068260123E1,8.522005677E-1,2.736961670E2,4.900000095E0,4.900000095E0
5.283218030E2,3.205247703E1,1.187795254E2,2.050915053E1,1.067816019E0,2.743020630E2,4.699999809E0,4.699999809E0
5.293374234E2,3.205248040E1,1.187795096E2,2.030178865E1,1.188560843E0,2.754386597E2,4.699999809E0,4.699999809E0
5.303204067E2,3.205248185E1,1.187794950E2,1.987232341E1,1.192954659E0,2.799389038E2,5.354364395E0,5.354364395E0
5.313392760E2,3.205248308E1,1.187794833E2,1.952034947E1,1.219630599E0,2.770404053E2,6.356465340E0,6.356465340E0
5.323447025E2,3.205248415E1,1.187794712E2,1.928536791E1,1.220917821E0,2.645028992E2,6.800760269E0,6.800760269E0
5.333134270E2,3.205248575E1,1.187794588E2,1.938795910E1,1.246726274E0,2.729858398E2,7.783559799E0,7.783559799E0
5.343155181E2,3.205248971E1,1.187794469E2,1.953462546E1,1.226362586E0,2.856881409E2,8.346285820E0,8.346285820E0
5.353096452E2,3.205249164E1,1.187794370E2,1.978305409E1,1.190484047E0,3.112205505E2,8.106195450E0,8.106195450E0
5.363312551E2,3.205250077E1,1.187794317E2,1.967542534E1,1.100053787E0,3.288605957E2,7.160233498E0,7.160233498E0
5.373470020E2,3.205251581E1,1.187794294E2,1.961244915E1,1.062759399E0,3.242743835E2,4.900000095E0,4.900000095E0
5.383227077E2,3.205252897E1,1.187794252E2,1.933798278E1,1.062888503E0,3.059146729E2,6.359022141E0,6.359022141E0
5.392908989E2,3.205253535E1,1.187794152E2,1.913637133E1,1.169984341E0,2.859978027E2,6.128373146E0,6.128373146E0
5.402977952E2,3.205253814E1,1.187794002E2,1.886248891E1,1.278329492E0,2.760357361E2,6.792139053E0,6.792139053E0
5.412950708E2,3.205253905E1,1.187793829E2,1.911834876E1,1.304241180E0,2.687047424E2,7.526228905E0,7.526228905E0
5.422949530E2,3.205253764E1,1.187793651E2,1.913554641E1,1.338639975E0,2.680487976E2,7.464823723E0,7.464823723E0
5.432944379E2,3.205253903E1,1.187793488E2,1.891724318E1,1.353611588E0,2.675166016E2,6.782415390E0,6.782415390E0
5.442940879E2,3.205254282E1,1.187793342E2,1.898628452E1,1.329642773E0,2.677153320E2,5.579573631E0,5.579573631E0
5.452925749E2,3.205254580E1,1.187793197E2,1.928935309E1,1.357544780E0,2.634555054E2,4.699999809E0,4.699999809E0
5.462974135E2,3.205254933E1,1.187793042E2,1.893388550E1,1.398423791E0,2.667493896E2,4.699999809E0,4.699999809E0
5.472945859E2,3.205255335E1,1.187792893E2,1.869893333E1,1.378332257E0,2.767180176E2,4.699999809E0,4.699999809E0
5.482931114E2,3.205255817E1,1.187792756E2,1.866203180E1,1.340407252E0,2.970053101E2,4.699999809E0,4.699999809E0
5.492941619E2,3.205256525E1,1.187792633E2,1.837422462E1,1.348579526E0,2.986040039E2,4.699999809E0,4.699999809E0
5.502859317E2,3.205257420E1,1.187792535E2,1.830347130E1,1.366742492E0,3.184089355E2,4.699999809E0,4.699999809E0
5.512962051E2,3.205258760E1,1.187792462E2,1.836501356E1,1.390009761E0,3.248957825E2,4.699999809E0,4.699999809E0
5.522913062E2,3.205260086E1,1.187792374E2,1.815671810E1,1.444968581E0,3.279733887E2,4.699999809E0,4.699999809E0
5.532919697E2,3.205261464E1,1.187792268E2,1.809576734E1,1.436471939E0,3.253185120E2,4.699999809E0,4.699999809E0
5.542952582E2,3.205262903E1,1.187792161E2,1.784127490E1,1.389172912E0,3.243717651E2,4.699999809E0,4.699999809E0
5.552933947E2,3.205264313E1,1.187792070E2,1.764484083E1,1.342277646E0,3.220028381E2,4.969800472E0,4.969800472E0
5.562972848E2,3.205266158E1,1.187791932E2,1.751056629E1,1.292988777E0,3.236085815E2,4.730615139E0,4.730615139E0
5.572968166E2,3.205267220E1,1.187791843E2,1.754362127E1,1.012918472E0,3.204807129E2,4.710406303E0,4.710406303E0
5.583056452E2,3.205267455E1,1.187791768E2,1.709405235E1,8.464847207E-1,3.068226318E2,4.630227089E0,4.630227089E0
5.592944254E2,3.205267472E1,1.187791688E2,1.681034585E1,1.026511312E0,3.037758789E2,4.525173187E0,4.525173187E0
5.603031385E2,3.205267543E1,1.187791584E2,1.652622712E1,1.135751247E0,2.964346924E2,4.401436806E0,4.401436806E0
5.612961593E2,3.205267632E1,1.187791496E2,1.611599617E1,1.154935956E0,3.031659241E2,4.479999542E0,4.479999542E0
5.623092827E2,3.205267769E1,1.187791412E2,1.590362618E1,1.143316984E0,2.942454224E2,4.511633873E0,4.511633873E0
5.632970280E2,3.205267622E1,1.187791310E2,1.569612667E1,1.113983154E0,2.722722778E2,4.461046696E0,4.461046696E0
5.642985911E2,3.205267262E1,1.187791194E2,1.551676515E1,1.146988630E0,2.495392761E2,4.488612175E0,4.488612175E0
5.652965046E2,3.205266863E1,1.187791078E2,1.544330621E1,1.135338902E0,2.566018066E2,4.403125763E0,4.403125763E0
5.662954067E2,3.205266752E1,1.187791013E2,1.504685997E1,1.106377482E0,2.458191071E2,4.209457397E0,4.209457397E0
5.673012952E2,3.205266321E1,1.187790947E2,1.503551120E1,1.090013027E0,2.169557190E2,4.061649323E0,4.061649323E0
5.682977478E2,3.205265752E1,1.187790892E2,1.509344416E1,1.062558055E0,2.062667694E2,4.095294952E0,4.095294952E0
5.692905963E2,3.205264846E1,1.187790846E2,1.495204134E1,9.771277905E-1,2.149420471E2,4.188728333E0,4.188728333E0
5.702919322E2,3.205263770E1,1.187790794E2,1.492461704E1,9.901474714E-1,2.097272186E2,4.494244576E0,4.494244576E0
5.712942317E2,3.205263029E1,1.187790724E2,1.467437320E1,1.062740922E0,1.914075317E2,4.719928741E0,4.719928741E0
5.722974770E2,3.205262377E1,1.187790683E2,1.457194236E1,1.030981541E0,1.653731232E2,4.887939930E0,4.887939930E0
5.732971744E2,3.205261735E1,1.187790683E2,1.449131754E1,1.059819460E0,1.588390656E2,4.699999809E0,4.699999809E0
5.742943129E2,3.205260971E1,1.187790670E2,1.466037000E1,9.988408089E-1,1.565348816E2,4.900000095E0,4.900000095E0
5.752980905E2,3.205260556E1,1.187790635E2,1.523806773E1,9.402565360E-1,1.835354919E2,4.900000095E0,4.900000095E0
5.762921593E2,3.205260322E1,1.187790560E2,1.626025677E1,6.023094058E-1,1.857952271E2,4.900000095E0,4.900000095E0
5.772940796E2,3.205260594E1,1.187790525E2,1.622440410E1,3.805861473E-1,1.892842407E2,4.900000095E0,4.900000095E0
5.782980994E2,3.205260856E1,1.187790491E2,1.608546036E1,3.231534362E-1,1.898310394E2,4.890308857E0,4.890308857E0
5.792958963E2,3.205260856E1,1.187790491E2,1.608546036E1,2.262074202E-1,1.870123291E2,4.900000095E0,4.900000095E0
5.802927093E2,3.205260856E1,1.187790491E2,1.608546036E1,1.583451927E-1,1.870123291E2,4.900000095E0,4.900000095E0
5.813021525E2,3.205260856E1,1.187790491E2,1.608546036E1,1.108416319E-1,1.849694824E2,4.900000095E0,4.900000095E0
5.822946723E2,3.205260856E1,1.187790491E2,1.608546036E1,7.758913934E-2,1.849694824E2,4.900000095E0,4.900000095E0
5.832972155E2,3.205260841E1,1.187790479E2,1.618764518E1,1.344860941E-1,2.235680084E2,4.699999809E0,4.699999809E0
5.843007395E2,3.205260841E1,1.187790479E2,1.618764518E1,7.603170276E-1,3.345751038E2,4.900000095E0,4.900000095E0
5.852942879E2,3.205260841E1,1.187790479E2,1.618764518E1,1.051299214E0,3.345751038E2,4.900000095E0,4.900000095E0
5.862977780E2,3.205261108E1,1.187790455E2,1.614713740E1,7.200493813E-1,3.406206665E2,4.900000095E0,4.900000095E0
5.872969671E2,3.205261101E1,1.187790453E2,1.611271570E1,5.000094175E-1,3.404453430E2,4.900000095E0,4.900000095E0
5.882929140E2,3.205261051E1,1.187790451E2,1.615350939E1,3.792878389E-1,2.376245117E2,4.900000095E0,4.900000095E0
5.893042963E2,3.205260695E1,1.187790443E2,1.637666309E1,3.122735023E-1,2.395592651E2,4.900000095E0,4.900000095E0
5.902979166E2,3.205260695E1,1.187790443E2,1.637666309E1,2.185914665E-1,2.296442413E2,4.900000095E0,4.900000095E0
5.912964114E2,3.205260695E1,1.187790443E2,1.637666309E1,1.530140191E-1,2.296442413E2,4.900000095E0,4.900000095E0
5.922979025E2,3.205260695E1,1.187790443E2,1.637666309E1,1.071098149E-1,2.220873566E2,4.900000095E0,4.900000095E0
5.933006119E2,3.205260695E1,1.187790443E2,1.637666309E1,2.220752686E-1,1.808814240E2,4.900000095E0,4.900000095E0
5.942935791E2,3.205260695E1,1.187790443E2,1.637666309E1,5.441266894E-1,1.751980133E2,4.900000095E0,4.900000095E0
5.952950004E2,3.205260077E1,1.187790489E2,1.634984536E1,8.284414411E-1,2.003022156E2,4.699999809E0,4.699999809E0
5.962990312E2,3.205259404E1,1.187790475E2,1.636581724E1,9.409668446E-1,2.181104889E2,4.900000095E0,4.900000095E0
5.972998827E2,3.205259053E1,1.187790438E2,1.651041816E1,1.151083231E0,2.467282562E2,4.699999809E0,4.699999809E0
5.983006254E2,3.205257773E1,1.187790330E2,1.647640093E1,1.081078887E0,2.444540405E2,4.699999809E0,4.699999809E0
